event_id,date,time_ist,event_type,subtype,stance,scope,surprise,title,description,source_url,source_kind,date_confidence,confounders
W01,2016-09-29,12:00,war_geopolitics,india_pakistan,escalation,india,high,Surgical strikes across LoC,Army DGMO announces cross-LoC strikes on launch pads after the Uri attack; announced at a midday press briefing,https://en.wikipedia.org/wiki/2016_Indian_Line_of_Control_strike,encyclopedia,high,
W02,2019-02-14,after_close,war_geopolitics,india_pakistan,escalation,india,high,Pulwama attack,Suicide attack on a CRPF convoy (~15:15 IST); scale known after market close,https://en.wikipedia.org/wiki/2019_Pulwama_attack,encyclopedia,high,
W03,2019-02-26,11:30,war_geopolitics,india_pakistan,escalation,india,high,Balakot airstrike,IAF strikes in Balakot before dawn; Foreign Secretary statement ~11:30 IST,https://en.wikipedia.org/wiki/2019_Balakot_airstrike,encyclopedia,high,
W04,2019-08-05,11:00,war_geopolitics,kashmir,escalation,india,high,Article 370 revoked,Home Minister moves resolution in Rajya Sabha revoking J&K special status,https://en.wikipedia.org/wiki/Revocation_of_the_special_status_of_Jammu_and_Kashmir,encyclopedia,high,"Same day: yuan breaks 7/USD, US-China trade war escalation"
W05,2020-06-16,after_close,war_geopolitics,india_china,escalation,india,high,Galwan Valley clash,Deadly India-China border clash; Army confirms 20 deaths late evening,https://en.wikipedia.org/wiki/2020_Galwan_Valley_clash,encyclopedia,high,COVID recovery rally
W06,2022-02-24,pre_open,war_geopolitics,war_abroad,escalation,global,medium,Russia invades Ukraine,Putin announces 'special military operation' ~08:30 IST; commodity spike (oil wheat metals),https://en.wikipedia.org/wiki/Russian_invasion_of_Ukraine,encyclopedia,high,Fed hiking cycle starting
W07,2023-10-07,,war_geopolitics,middle_east,escalation,global,high,Hamas attack on Israel,October 7 attacks (Saturday); Israel-Gaza war begins,https://en.wikipedia.org/wiki/October_7_attacks,encyclopedia,high,
W08,2024-04-13,,war_geopolitics,middle_east,escalation,global,medium,Iran drone and missile attack on Israel,First direct Iranian strike on Israel (Saturday night),https://en.wikipedia.org/wiki/April_2024_Iranian_strikes_against_Israel,encyclopedia,high,
W09,2024-10-01,after_close,war_geopolitics,middle_east,escalation,global,high,Iran ballistic missile strike on Israel,~180 missiles fired at Israel ~22:00 IST; oil spikes,https://en.wikipedia.org/wiki/October_2024_Iranian_strikes_against_Israel,encyclopedia,high,SEBI F&O curbs same evening (R05); China stimulus rotation
W10,2025-04-22,after_close,war_geopolitics,india_pakistan,escalation,india,high,Pahalgam terror attack,Attack on tourists in Pahalgam (~14:50 IST); scale known after close,https://en.wikipedia.org/wiki/2025_Pahalgam_attack,encyclopedia,high,US tariff pause rebound
W11,2025-05-07,pre_open,war_geopolitics,india_pakistan,escalation,india,medium,Operation Sindoor,Indian strikes on terror infrastructure in Pakistan ~01:05 IST,https://en.wikipedia.org/wiki/Operation_Sindoor,encyclopedia,high,
W12,2025-05-10,,war_geopolitics,india_pakistan,de_escalation,india,high,India-Pakistan ceasefire,Ceasefire announced Saturday ~17:00 IST; markets rally Monday,https://en.wikipedia.org/wiki/2025_India%E2%80%93Pakistan_conflict,encyclopedia,high,US-China tariff truce announced 12 May
W13,2025-06-13,pre_open,war_geopolitics,middle_east,escalation,global,high,Israel strikes Iran,Israeli strikes on Iranian nuclear and military sites before Indian open; Iran-Israel war,https://en.wikipedia.org/wiki/Twelve-Day_War,encyclopedia,high,
W14,2025-06-22,,war_geopolitics,middle_east,escalation,global,high,US strikes Iranian nuclear sites,US bombs Fordow/Natanz/Isfahan (Sunday early IST),https://en.wikipedia.org/wiki/2025_United_States_strikes_on_Iranian_nuclear_sites,encyclopedia,high,Ceasefire announced 24 June
W15,2020-01-03,pre_open,war_geopolitics,middle_east,escalation,global,high,US kills Qasem Soleimani,US drone strike in Baghdad (~03:30 IST); oil jumps,https://en.wikipedia.org/wiki/Assassination_of_Qasem_Soleimani,encyclopedia,high,
W16,2026-02-28,,war_geopolitics,middle_east,escalation,global,medium,US-Israel strikes on Iran (2026 Iran war),Saturday strikes start the 2026 Iran war; Strait of Hormuz disrupted; largest oil supply shock on record,https://en.wikipedia.org/wiki/2026_Iran_war,encyclopedia,medium,Only ~7 months of later prices; 126d horizon barely covered
W17,2026-04-08,,war_geopolitics,middle_east,de_escalation,global,medium,2026 Iran war ceasefire,Ceasefire begins 8 April 2026 (time not verified; next close used),https://en.wikipedia.org/wiki/2026_Iran_war_ceasefire,encyclopedia,medium,126d horizon not yet available
M01,2016-10-04,14:30,monetary_policy,rbi_rate,easing,india,medium,RBI cuts repo to 6.25%,First MPC decision: repo -25bp to 6.25%,https://www.rbi.org.in/Scripts/Annualpolicy.aspx,official_index,high,
M02,2017-08-02,14:30,monetary_policy,rbi_rate,easing,india,low,RBI cuts repo to 6.00%,Repo -25bp to 6.00%,https://www.rbi.org.in/Scripts/Annualpolicy.aspx,official_index,high,
M03,2018-06-06,14:30,monetary_policy,rbi_rate,tightening,india,medium,RBI hikes repo to 6.25%,First hike in 4.5 years: repo +25bp to 6.25%,https://www.rbi.org.in/Scripts/BS_PressReleaseDisplay.aspx?prid=44125,official,high,
M04,2018-08-01,14:30,monetary_policy,rbi_rate,tightening,india,low,RBI hikes repo to 6.50%,Repo +25bp to 6.50% (third bi-monthly statement 2018-19),https://www.rbi.org.in/Scripts/BS_PressReleaseDisplay.aspx?prid=44636,official,high,
M05,2019-02-07,11:45,monetary_policy,rbi_rate,easing,india,medium,RBI cuts repo to 6.25% (stance to neutral),"New Governor Das cuts repo -25bp, stance from calibrated tightening to neutral",https://rbi.org.in/Scripts/BS_PressReleaseDisplay.aspx?prid=46235,official,high,
M06,2019-04-04,11:45,monetary_policy,rbi_rate,easing,india,low,RBI cuts repo to 6.00%,Repo -25bp to 6.00%,https://www.rbi.org.in/Scripts/Annualpolicy.aspx,official_index,high,
M07,2019-06-06,11:45,monetary_policy,rbi_rate,easing,india,low,RBI cuts repo to 5.75% (accommodative),"Repo -25bp to 5.75%, stance to accommodative",https://www.rbi.org.in/Scripts/Annualpolicy.aspx,official_index,high,
M08,2019-08-07,11:45,monetary_policy,rbi_rate,easing,india,medium,RBI cuts repo 35bp to 5.40%,Unconventional 35bp cut to 5.40%,https://www.rbi.org.in/Scripts/Annualpolicy.aspx,official_index,high,
M09,2019-10-04,11:45,monetary_policy,rbi_rate,easing,india,low,RBI cuts repo to 5.15%,Repo -25bp to 5.15%,https://www.rbi.org.in/Scripts/Annualpolicy.aspx,official_index,high,
M10,2020-03-27,10:00,monetary_policy,rbi_rate,easing,india,high,RBI emergency cut 75bp to 4.40% + loan moratorium,"Advanced MPC meeting: repo -75bp, reverse repo -90bp, 3-month loan moratorium, TLTRO",https://www.rbi.org.in/Scripts/BS_PressReleaseDisplay.aspx?prid=49581,official,high,COVID lockdown week
M11,2020-05-22,10:00,monetary_policy,rbi_rate,easing,india,high,RBI off-cycle cut 40bp to 4.00%,Unscheduled cut to 4.00%; moratorium extended,https://www.rbi.org.in/Scripts/Annualpolicy.aspx,official_index,high,
M12,2022-05-04,14:00,monetary_policy,rbi_rate,tightening,india,high,RBI off-cycle hike 40bp to 4.40%,Surprise unscheduled hike plus CRR +50bp; announced 14:00 IST,https://rbidocs.rbi.org.in/rdocs/PressRelease/PDFs/PR154MPC775AD9D2A37141F7A6E64AC29BB8D2C0.PDF,official,high,Fed hike same night
M13,2022-06-08,10:00,monetary_policy,rbi_rate,tightening,india,low,RBI hikes 50bp to 4.90%,Repo +50bp to 4.90%,https://www.rbi.org.in/Scripts/Annualpolicy.aspx,official_index,high,
M14,2022-08-05,10:00,monetary_policy,rbi_rate,tightening,india,low,RBI hikes 50bp to 5.40%,Repo +50bp to 5.40%,https://www.rbi.org.in/Scripts/Annualpolicy.aspx,official_index,high,
M15,2022-09-30,10:00,monetary_policy,rbi_rate,tightening,india,low,RBI hikes 50bp to 5.90%,Repo +50bp to 5.90%,https://www.rbi.org.in/Scripts/Annualpolicy.aspx,official_index,high,
M16,2022-12-07,10:00,monetary_policy,rbi_rate,tightening,india,low,RBI hikes 35bp to 6.25%,Repo +35bp to 6.25%,https://www.rbi.org.in/Scripts/Annualpolicy.aspx,official_index,high,
M17,2023-02-08,10:00,monetary_policy,rbi_rate,tightening,india,low,RBI hikes 25bp to 6.50%,Repo +25bp to 6.50% (last hike of the cycle),https://www.rbi.org.in/Scripts/Annualpolicy.aspx,official_index,high,
M18,2023-04-06,10:00,monetary_policy,rbi_rate,hold,india,high,RBI surprise pause at 6.50%,Market expected a hike; MPC paused,https://www.rbi.org.in/Scripts/Annualpolicy.aspx,official_index,high,
M19,2024-12-06,10:00,monetary_policy,rbi_liquidity,easing,india,medium,RBI cuts CRR 50bp to 4%,Repo unchanged at 6.50%; CRR cut releases ~Rs 1.16 lakh crore,https://www.rbi.org.in/Scripts/Annualpolicy.aspx,official_index,high,
M20,2025-02-07,10:00,monetary_policy,rbi_rate,easing,india,low,RBI cuts repo to 6.25% (first cut in 5 years),Governor Malhotra's first MPC: repo -25bp,https://website.rbi.org.in/web/rbi/-/press-releases/governor-s-statement-february-7-2025,official,high,
M21,2025-04-09,10:00,monetary_policy,rbi_rate,easing,india,low,RBI cuts repo to 6.00% (stance accommodative),"Repo -25bp, stance to accommodative",https://rbidocs.rbi.org.in/rdocs/PressRelease/PDFs/PR62DB3C24380A9D40B886CB92FC3E63474D.PDF,official,high,Same night: US 90-day tariff pause (G23)
M22,2025-06-06,10:00,monetary_policy,rbi_rate,easing,india,high,RBI jumbo cut 50bp to 5.50% + CRR cut 100bp,"Repo -50bp, CRR -100bp in tranches, stance to neutral",https://rbi.org.in/Scripts/BS_PressreleaseDisplay.aspx?prid=60604,official,high,
M23,2025-12-05,10:00,monetary_policy,rbi_rate,easing,india,medium,RBI cuts repo to 5.25%,Repo -25bp to 5.25%; 125bp cumulative easing in 2025,https://rbidocs.rbi.org.in/rdocs/PressRelease/PDFs/PR16331051154700094ACFB40DE08AE141531C.PDF,official,high,
F01,2016-02-29,11:00,fiscal_budget,union_budget,neutral,india,scheduled,Union Budget 2016-17,Fiscal deficit target held at 3.5%; rural and infra focus,https://www.indiabudget.gov.in/previous_union_budget.php,official_index,high,
F02,2017-02-01,11:00,fiscal_budget,union_budget,neutral,india,scheduled,Union Budget 2017-18,First February-1 budget; affordable housing infra status; no LTCG change,https://www.indiabudget.gov.in/previous_union_budget.php,official_index,high,
F03,2018-02-01,11:00,fiscal_budget,union_budget,tax_up,india,scheduled,Union Budget 2018-19 (LTCG reintroduced),10% LTCG on equities over Rs 1 lakh; health scheme; MSP push,https://www.indiabudget.gov.in/previous_union_budget.php,official_index,high,US bond yield spike / Feb 2018 global correction
F04,2019-02-01,11:00,fiscal_budget,interim_budget,tax_down,india,scheduled,Interim Budget 2019-20,PM-KISAN cash transfer; tax rebate up to Rs 5 lakh,https://www.indiabudget.gov.in/previous_union_budget.php,official_index,high,
F05,2019-07-05,11:00,fiscal_budget,union_budget,tax_up,india,scheduled,Union Budget 2019-20 (super-rich surcharge),Higher surcharge (also on FPI trusts); min public shareholding 35% proposal; PSB capital,https://www.indiabudget.gov.in/previous_union_budget.php,official_index,high,
F06,2020-02-01,11:00,fiscal_budget,union_budget,neutral,india,scheduled,Union Budget 2020-21,New optional income-tax regime; DDT abolished; LIC IPO announced (Saturday session),https://www.indiabudget.gov.in/previous_union_budget.php,official_index,high,COVID news from China
F07,2021-02-01,11:00,fiscal_budget,union_budget,spend_up,india,scheduled,Union Budget 2021-22 (capex push),Capex +35%; bad bank; insurance FDI to 74%; PSU disinvestment incl. 2 PSBs,https://www.indiabudget.gov.in/previous_union_budget.php,official_index,high,
F08,2022-02-01,11:00,fiscal_budget,union_budget,spend_up,india,scheduled,Union Budget 2022-23,Capex to Rs 7.5 lakh crore; crypto tax; digital rupee,https://www.indiabudget.gov.in/previous_union_budget.php,official_index,high,
F09,2023-02-01,11:00,fiscal_budget,union_budget,spend_up,india,scheduled,Union Budget 2023-24,Capex Rs 10 lakh crore; new regime rebate to Rs 7 lakh,https://www.indiabudget.gov.in/previous_union_budget.php,official_index,high,Adani-Hindenburg selloff (X04)
F10,2024-02-01,11:00,fiscal_budget,interim_budget,neutral,india,scheduled,Interim Budget 2024-25,Fiscal deficit glide path 5.1%; rooftop solar mention,https://www.indiabudget.gov.in/previous_union_budget.php,official_index,high,
F11,2024-07-23,11:00,fiscal_budget,union_budget,tax_up,india,scheduled,Union Budget 2024-25 (STT/LTCG hike),"STCG 20%, LTCG 12.5%, STT on F&O up; gold duty cut; employment schemes",https://www.indiabudget.gov.in/previous_union_budget.php,official_index,high,
F12,2025-02-01,11:00,fiscal_budget,union_budget,tax_down,india,scheduled,Union Budget 2025-26 (income tax relief),No income tax up to Rs 12 lakh; insurance FDI 100% (Saturday session),https://www.indiabudget.gov.in/previous_union_budget.php,official_index,high,
F13,2026-02-01,11:00,fiscal_budget,union_budget,tax_up,india,scheduled,Union Budget 2026-27 (STT on futures up),Capex Rs 12.2 lakh crore; STT on futures 0.02% to 0.05% (Sunday session),https://www.indiabudget.gov.in/,official_index,medium,
F14,2016-11-08,20:15,fiscal_budget,demonetisation,shock,india,high,Demonetisation,Rs 500/1000 notes withdrawn; PM address 20:15 IST,https://www.pib.gov.in/newsite/PrintRelease.aspx?relid=153406,official,high,Same entry day as US election result (G02)
F15,2017-06-30,after_close,fiscal_budget,tax_reform,reform,india,low,GST rollout,GST launched at midnight 30 June-1 July; date known in advance,https://www.pib.gov.in/PressReleasePage.aspx?PRID=1494279,official,high,Rollout date pre-announced (low surprise)
F16,2019-09-20,11:00,fiscal_budget,tax_reform,tax_down,india,high,Corporate tax cut to 22%,"Base corporate tax 30%->22%, 15% for new manufacturing; MAT cut; FM press conference ~11:00",https://www.pib.gov.in/PressReleaseIframePage.aspx?PRID=1585641,official,high,
F17,2019-08-23,after_close,fiscal_budget,stimulus,tax_down,india,high,FM stimulus: FPI surcharge rollback + auto measures,"Withdraws budget surcharge on FPIs/LTCG; auto, housing, PSB capital measures; evening presser",https://www.pib.gov.in/PressReleasePage.aspx?PRID=1589830,official,high,
F18,2020-05-12,20:00,fiscal_budget,stimulus,spend_up,india,high,Atmanirbhar Bharat Rs 20 lakh crore package,PM address 20:00 IST; details over 13-17 May,https://www.pib.gov.in/PressReleasePage.aspx?PRID=1623391,official,high,COVID lockdown
F19,2025-08-15,,fiscal_budget,tax_reform,tax_down,india,high,PM announces next-generation GST reform,Independence Day speech (market holiday) promises GST rate cuts by Diwali; S&P upgrade 14 Aug,https://static.pib.gov.in/WriteReadData/specificdocs/documents/2025/sep/doc202594628401.pdf,official,high,S&P sovereign upgrade 14 Aug; US 50% tariff in force 27 Aug
F20,2025-09-03,after_close,fiscal_budget,tax_reform,tax_down,india,medium,GST Council: two-slab GST (5%/18%),56th GST Council: 28% slab removed for autos/ACs/cement; 40% sin rate; effective 22 Sep,https://www.pib.gov.in/PressReleasePage.aspx?PRID=2163555,official,high,
E01,2017-03-11,,election,state,pro_incumbent,india,medium,BJP wins Uttar Pradesh,Landslide BJP win in UP assembly (Saturday),https://en.wikipedia.org/wiki/2017_Uttar_Pradesh_Legislative_Assembly_election,encyclopedia,high,
E02,2018-12-11,10:00,election,state,anti_incumbent,india,medium,BJP loses three heartland states,Congress wins MP/Rajasthan/Chhattisgarh; counting during market hours,https://en.wikipedia.org/wiki/2018_Madhya_Pradesh_Legislative_Assembly_election,encyclopedia,high,RBI Governor Patel resigned 10 Dec
E03,2019-05-19,,election,exit_poll,pro_incumbent,india,medium,2019 exit polls show NDA majority,Exit polls Sunday evening,https://en.wikipedia.org/wiki/2019_Indian_general_election,encyclopedia,high,
E04,2019-05-23,10:00,election,general,pro_incumbent,india,low,2019 general election result,BJP wins outright majority (303 seats); trends known by mid-morning,https://en.wikipedia.org/wiki/2019_Indian_general_election,encyclopedia,high,Exit polls 4 days earlier (E03)
E05,2023-12-03,,election,state,pro_incumbent,india,medium,BJP wins MP/Rajasthan/Chhattisgarh,Counting on Sunday; read as 2024 continuity signal,https://en.wikipedia.org/wiki/2023_Rajasthan_Legislative_Assembly_election,encyclopedia,high,
E06,2024-06-01,,election,exit_poll,pro_incumbent,india,medium,2024 exit polls predict NDA landslide,Exit polls Saturday evening (350+ seats),https://en.wikipedia.org/wiki/2024_Indian_general_election,encyclopedia,high,
E07,2024-06-04,10:00,election,general,anti_incumbent,india,high,2024 general election result (BJP short of majority),"BJP 240 seats, NDA 293; Nifty -5.9% intraday; coalition government",https://en.wikipedia.org/wiki/2024_Indian_general_election,encyclopedia,high,Reversal of E06 exit-poll rally
E08,2024-11-23,,election,state,pro_incumbent,india,medium,NDA sweeps Maharashtra,Counting on Saturday,https://en.wikipedia.org/wiki/2024_Maharashtra_Legislative_Assembly_election,encyclopedia,high,Adani US indictment 21 Nov
S01,2017-10-24,after_close,sector_policy,banking,support,india,high,PSU bank recapitalisation Rs 2.11 lakh crore,Recap bonds + budget support + market raising; announced after close; PSU banks +20-45% next day,https://www.pib.gov.in/newsite/PrintRelease.aspx?relid=175368,official,medium,Release dated 5 Jan 2018 summarising the 24 Oct 2017 recap announcement
S02,2019-08-30,after_close,sector_policy,banking,reform,india,high,Mega-merger of 10 PSU banks into 4,FM announces amalgamations (PNB+OBC+UBI; Canara+Syndicate; Union+Andhra+Corp; Indian+Allahabad); Friday ~15:30-17:00,https://www.pib.gov.in/PressReleasePage.aspx?PRID=1605147,official,medium,Same evening Q1 GDP 5.0% (weak); Source is the Mar 2020 Cabinet approval of the merger announced 30 Aug 2019
S03,2019-02-28,,sector_policy,ev,support,india,medium,FAME-II EV subsidy scheme approved,"Cabinet approves Rs 10,000 crore FAME-II",https://www.pib.gov.in/Pressreleaseshare.aspx?PRID=1566758,official,medium,India-Pakistan tension (W03)
S04,2020-03-21,,sector_policy,pli,support,india,medium,PLI for mobile electronics + bulk drug (API) parks,"Cabinet approves electronics PLI and API/KSM PLI (announced ~21 Mar, Saturday)",https://www.pib.gov.in/PressReleseDetailm.aspx?PRID=1607483,official,medium,COVID crash week (heavily confounded)
S05,2020-05-16,,sector_policy,defence,support,india,high,Defence FDI to 74% + import embargo plan,"Atmanirbhar tranche 4: defence FDI 74% automatic, negative import list promised, OFB corporatisation (Saturday)",https://www.pib.gov.in/PressReleasePage.aspx?PRID=1624536,official,medium,
S06,2020-08-09,,sector_policy,defence,support,india,high,First defence positive indigenisation list (101 items),Raksha Mantri announces import embargo on 101 items (Sunday),https://www.pib.gov.in/PressReleasePage.aspx?PRID=1644570,official,high,
S07,2020-11-11,after_close,sector_policy,pli,support,india,medium,PLI for 10 sectors (Rs 1.46 lakh crore),"Autos/components, pharma, specialty steel, telecom, electronics, white goods, food, textiles, solar, ACC batteries",https://www.pib.gov.in/PressReleasePage.aspx?PRID=1671912,official,high,Pfizer vaccine rally (P05) and US election
S08,2021-05-31,,sector_policy,defence,support,india,medium,Second positive indigenisation list (108 items),MoD notifies second import-embargo list,https://www.pib.gov.in/PressReleasePage.aspx?PRID=1723148,official,medium,
S09,2021-09-15,after_close,sector_policy,telecom_auto,support,india,high,Telecom relief package + auto PLI,"Cabinet: AGR definition change, 4-year dues moratorium, 100% FDI in telecom; Rs 25,938 crore auto/drone PLI",https://pib.gov.in/PressReleasePage.aspx?PRID=1755086,official,high,
S10,2021-11-01,after_close,sector_policy,renewables,support,india,medium,COP26: India net zero 2070 and 500 GW non-fossil target,PM's Panchamrit pledge at Glasgow (evening IST),https://en.wikipedia.org/wiki/2021_United_Nations_Climate_Change_Conference,encyclopedia,high,Diwali week
S11,2022-04-07,,sector_policy,defence,support,india,medium,Third positive indigenisation list (101 items),MoD import-embargo list of 101 more weapons and platforms,https://pib.gov.in/PressReleaseIframePage.aspx?PRID=1814446,official,medium,
S12,2023-01-04,after_close,sector_policy,renewables,support,india,medium,National Green Hydrogen Mission approved,"Cabinet approves Rs 19,744 crore green hydrogen mission",https://www.pib.gov.in/Pressreleaseshare.aspx?PRID=1907705,official,medium,Release is a later summary of the 4 Jan 2023 Cabinet approval
S13,2024-02-29,after_close,sector_policy,semiconductors,support,india,high,Cabinet approves three semiconductor units,"Tata-PSMC fab (Dholera), Tata OSAT (Assam), CG Power-Renesas OSAT (Sanand)",https://www.pib.gov.in/PressReleasePage.aspx?PRID=2010135,official,high,
S14,2024-02-13,,sector_policy,renewables,support,india,medium,PM Surya Ghar rooftop solar scheme launched,"PM announces 1 crore rooftop solar homes, Rs 75,000 crore",https://en.wikipedia.org/wiki/Pradhan_Mantri_Surya_Ghar_Muft_Bijli_Yojana,encyclopedia,medium,
S15,2022-05-13,after_close,sector_policy,agri_trade,restrict,india,high,Wheat export ban,DGFT moves wheat exports from free to prohibited (Friday night notification),https://www.pib.gov.in/PressReleasePage.aspx?PRID=1825411,official,high,
S16,2023-07-20,after_close,sector_policy,agri_trade,restrict,india,high,Non-basmati white rice export ban,DGFT notification 20/2023 prohibits non-basmati white rice exports,https://globaltradealert.org/intervention/121287,news,high,
S17,2023-12-07,after_close,sector_policy,sugar_ethanol,restrict,india,high,Ban on cane juice for ethanol,Food Ministry bars sugarcane juice/syrup for ethanol in ESY 2023-24,https://www.business-standard.com/industry/agriculture/govt-bans-sugarcane-juice-syrup-for-ethanol-making-in-2023-24-supply-year-123120700830_1.html,news,high,Partly reversed 15 Dec 2023
S18,2022-05-21,,sector_policy,steel_trade,restrict,india,high,Export duties on steel and iron ore + fuel excise cut,"15% duty on steel exports, 50% on iron ore (Saturday evening); petrol/diesel excise cut",https://www.pib.gov.in/PressReleasePage.aspx?PRID=1877232,official,medium,Release cited is the Nov 2022 withdrawal that describes the May measures
S19,2022-11-18,after_close,sector_policy,steel_trade,support,india,high,Steel export duties withdrawn,Export duty on steel and low-grade iron ore removed (Friday evening),https://www.pib.gov.in/PressReleasePage.aspx?PRID=1877232,official,high,
S20,2022-07-01,09:30,sector_policy,oil_tax,restrict,india,high,Windfall tax on crude producers + fuel export levies,"Rs 23,250/t SAED on domestic crude; export levies on petrol/diesel/ATF",https://www.pib.gov.in/PressReleasePage.aspx?PRID=1838455,official,high,
S21,2019-12-31,after_close,sector_policy,infrastructure,support,india,low,National Infrastructure Pipeline Rs 102 lakh crore,FM unveils NIP for FY20-25,https://en.wikipedia.org/wiki/National_Infrastructure_Pipeline,encyclopedia,medium,
R01,2018-02-12,after_close,regulation,banking,tighten,india,high,RBI scraps loan restructuring schemes,"Revised stressed-asset framework: CDR/SDR/S4A withdrawn, 1-day default rule",https://www.rbi.org.in/Scripts/NotificationUser.aspx?Id=11218,official,medium,PNB fraud disclosed 14 Feb (X01)
R02,2019-10-24,11:00,regulation,telecom,tighten,india,high,Supreme Court AGR verdict against telcos,"SC upholds DoT's wide AGR definition; ~Rs 92,000 crore dues",https://www.business-standard.com/amp/article/companies/sc-s-agr-verdict-will-have-devastating-impact-on-telecom-firms-say-experts-119102401998_1.html,news,medium,
R03,2020-09-11,after_close,regulation,mutual_funds,support,india,high,SEBI multi-cap fund rule (25% each in large/mid/small),Circular forces multi-cap funds to hold at least 25% small caps (Friday evening),https://www.sebi.gov.in/legal/circulars/sep-2020/circular-on-asset-allocation-of-multi-cap-funds_47542.html,official,high,
R04,2023-07-11,after_close,regulation,online_gaming,tighten,india,high,28% GST on full face value of online gaming/casinos,50th GST Council decision (evening presser),https://www.pib.gov.in/PressReleasePage.aspx?PRID=1938812,official,high,
R05,2023-11-16,after_close,regulation,consumer_credit,tighten,india,high,RBI raises risk weights on unsecured consumer credit,Risk weights +25pp on personal loans/cards and bank loans to NBFCs,https://www.rbi.org.in/Scripts/NotificationUser.aspx?Id=12567&Mode=0,official,high,
R06,2024-10-01,after_close,regulation,capital_markets,tighten,india,high,SEBI tightens index derivatives (F&O),"Bigger lot sizes, one weekly expiry per exchange, upfront premium",https://www.sebi.gov.in/legal/circulars/oct-2024/measures-to-strengthen-equity-index-derivatives-framework-for-increased-investor-protection-and-market-stability_87208.html,official,high,Iran missile strike same night (W09)
R07,2025-07-03,after_close,regulation,capital_markets,tighten,india,high,SEBI interim order against Jane Street,"Index manipulation order; Jane Street barred; Rs 4,840 crore impounded",https://www.sebi.gov.in/sebi_data/attachdocs/jul-2025/1751584518593.pdf,official,high,
R08,2025-08-19,after_close,regulation,online_gaming,tighten,india,high,Online money gaming ban bill,Cabinet clears ban on online money games (news evening 19 Aug; passed 20-21 Aug),https://www.pib.gov.in/PressReleasePage.aspx?PRID=2159579,official,medium,GST reform rally (F19)
C01,2016-11-30,after_close,commodity_shock,oil_up,supply_cut,global,high,OPEC agrees first output cut since 2008,OPEC Vienna deal (evening IST); Brent +9%,https://en.wikipedia.org/wiki/OPEC,encyclopedia,medium,Generic OPEC article (weak source); deal date 30 Nov 2016 is well documented
C02,2018-05-08,after_close,commodity_shock,oil_up,supply_cut,global,medium,US withdraws from Iran nuclear deal,Trump announces JCPOA exit (~23:30 IST); sanctions on Iranian oil,https://en.wikipedia.org/wiki/United_States_withdrawal_from_the_Joint_Comprehensive_Plan_of_Action,encyclopedia,high,
C03,2019-09-14,,commodity_shock,oil_up,supply_cut,global,high,Drone attack on Saudi Abqaiq facility,5% of global oil supply knocked out (Saturday); Brent +15% Monday,https://en.wikipedia.org/wiki/Abqaiq%E2%80%93Khurais_attack,encyclopedia,high,Corporate tax cut 6 days later (F16)
C04,2020-03-08,,commodity_shock,oil_down,price_war,global,high,Saudi-Russia oil price war,Saudi price cuts after OPEC+ breakdown (Sunday); Brent -24% Monday,https://en.wikipedia.org/wiki/2020_Russia%E2%80%93Saudi_Arabia_oil_price_war,encyclopedia,high,COVID crash (heavily confounded)
C05,2020-04-20,after_close,commodity_shock,oil_down,demand_collapse,global,high,WTI crude futures turn negative,May WTI contract settles at -$37 (US Monday),https://en.wikipedia.org/wiki/2020_Russia%E2%80%93Saudi_Arabia_oil_price_war,encyclopedia,high,COVID
C06,2023-04-02,,commodity_shock,oil_up,supply_cut,global,high,OPEC+ surprise voluntary output cut,~1.16 mb/d surprise cut announced Sunday,https://www.cnbc.com/2023/04/03/oil-prices-surge-after-opecs-surprise-cuts-analysts-warn-of-100-per-barrel.html,news,medium,
G01,2016-06-24,12:00,global_macro,brexit,risk_off,global,high,Brexit referendum result,Leave wins; result clear during Indian session,https://en.wikipedia.org/wiki/2016_United_Kingdom_European_Union_membership_referendum,encyclopedia,high,
G02,2016-11-09,13:00,global_macro,us_election,uncertain,global,high,Trump wins 2016 US election,Result clear during Indian session,https://en.wikipedia.org/wiki/2016_United_States_presidential_election,encyclopedia,high,Same entry as demonetisation (F14)
G03,2016-12-14,after_close,global_macro,fed_rate,tightening,global,low,Fed hikes (2nd hike of cycle),FOMC +25bp; 3 hikes signalled for 2017,https://www.federalreserve.gov/newsevents/pressreleases/monetary20161214a.htm,official_foreign,high,
G04,2018-03-22,after_close,global_macro,trade_war,restrict,global,high,US-China trade war begins (Section 301 tariffs),Trump memorandum on tariffs on Chinese goods (US afternoon),https://en.wikipedia.org/wiki/China%E2%80%93United_States_trade_war,encyclopedia,high,
G05,2018-12-19,after_close,global_macro,fed_rate,tightening,global,medium,Fed hawkish hike (Dec 2018),FOMC +25bp with balance-sheet 'autopilot'; US stocks slide,https://www.federalreserve.gov/newsevents/pressreleases/monetary20181219a.htm,official_foreign,high,
G06,2019-05-05,,global_macro,trade_war,restrict,global,high,Trump raises China tariffs to 25%,Sunday tweets announce tariff increase on $200bn,https://en.wikipedia.org/wiki/China%E2%80%93United_States_trade_war,encyclopedia,high,Indian election season
G07,2019-07-31,after_close,global_macro,fed_rate,easing,global,low,Fed first cut since 2008,FOMC -25bp,https://www.federalreserve.gov/newsevents/pressreleases/monetary20190731a.htm,official_foreign,high,
G08,2020-03-03,after_close,global_macro,fed_rate,easing,global,high,Fed emergency 50bp cut,Unscheduled cut (20:30 IST),https://www.federalreserve.gov/newsevents/pressreleases/monetary20200303a.htm,official_foreign,high,COVID
G09,2020-03-15,,global_macro,fed_rate,easing,global,high,Fed cuts to zero + QE,Sunday emergency cut to 0-0.25% and $700bn QE,https://www.federalreserve.gov/newsevents/pressreleases/monetary20200315a.htm,official_foreign,high,COVID crash
G10,2022-03-16,after_close,global_macro,fed_rate,tightening,global,low,Fed first hike of 2022 cycle,FOMC +25bp,https://www.federalreserve.gov/newsevents/pressreleases/monetary20220316a.htm,official_foreign,high,Russia-Ukraine
G11,2022-06-15,after_close,global_macro,fed_rate,tightening,global,medium,Fed 75bp hike,Largest hike since 1994 after hot CPI,https://www.federalreserve.gov/newsevents/pressreleases/monetary20220615a.htm,official_foreign,high,
G12,2022-08-26,after_close,global_macro,fed_rate,tightening,global,medium,Powell Jackson Hole 'pain' speech,Hawkish 8-minute speech (19:30 IST Friday),https://www.federalreserve.gov/newsevents/speech/powell20220826a.htm,official_foreign,high,
G13,2022-11-10,after_close,global_macro,us_inflation,easing,global,high,Soft US CPI (Oct 2022),CPI below forecast; Nasdaq +7% (19:00 IST release),https://www.bls.gov/news.release/archives/cpi_11102022.htm,official_foreign,high,
G14,2023-08-01,after_close,global_macro,us_credit,risk_off,global,medium,Fitch downgrades US to AA+,Downgrade after US close (~02:00 IST 2 Aug),https://en.wikipedia.org/wiki/United_States_federal_government_credit-rating_downgrades,encyclopedia,medium,
G15,2024-08-02,after_close,global_macro,us_growth,risk_off,global,high,Weak US payrolls + yen carry unwind,Weak July jobs report (18:00 IST Fri); global crash Mon 5 Aug,https://www.bls.gov/news.release/archives/empsit_08022024.htm,official_foreign,high,BoJ hike 31 Jul
G16,2024-09-18,after_close,global_macro,fed_rate,easing,global,medium,Fed first cut of cycle (50bp),FOMC -50bp,https://www.federalreserve.gov/newsevents/pressreleases/monetary20240918a.htm,official_foreign,high,
G17,2024-09-24,pre_open,global_macro,china_stimulus,easing,global,high,China mega stimulus package,"PBoC rate/RRR cuts and equity support; metals rally, FPIs rotate to China",https://english.www.gov.cn/news/202409/25/content_WS66f3602ec6d0868f4e8eb3c0.html,official_foreign,medium,
G18,2024-11-06,12:00,global_macro,us_election,uncertain,global,medium,Trump wins 2024 US election,Result clear during Indian session,https://en.wikipedia.org/wiki/2024_United_States_presidential_election,encyclopedia,high,
G19,2024-12-18,after_close,global_macro,fed_rate,easing,global,medium,Fed hawkish cut,FOMC -25bp but fewer 2025 cuts signalled,https://www.federalreserve.gov/newsevents/pressreleases/monetary20241218a.htm,official_foreign,high,
G20,2025-04-02,after_close,global_macro,trade_war,restrict,global,high,US 'Liberation Day' reciprocal tariffs (26% on India),Announced 16:00 ET (01:30 IST 3 Apr),https://en.wikipedia.org/wiki/Liberation_Day_tariffs,encyclopedia,high,
G21,2025-04-09,after_close,global_macro,trade_war,de_escalation,global,high,US 90-day tariff pause,Pause on reciprocal tariffs (22:45 IST); India closed 10 Apr,https://en.wikipedia.org/wiki/Liberation_Day_tariffs,encyclopedia,high,RBI cut same morning (M21)
G22,2025-07-30,after_close,global_macro,trade_war,restrict,india,high,Trump announces 25% tariff on India,Truth Social post (evening IST) + Russia-oil penalty threat,https://en.wikipedia.org/wiki/Tariffs_in_the_second_Trump_administration,encyclopedia,medium,
G23,2025-08-06,after_close,global_macro,trade_war,restrict,india,high,Additional 25% US tariff on India (total 50%),Executive order over Russian oil purchases (IST night),https://en.wikipedia.org/wiki/Tariffs_in_the_second_Trump_administration,encyclopedia,high,
G24,2025-09-25,after_close,global_macro,trade_war,restrict,global,high,US 100% tariff on branded pharma imports,Trump post (IST night) on 100% tariff from 1 Oct; generics exempt,https://en.wikipedia.org/wiki/Tariffs_in_the_second_Trump_administration,encyclopedia,medium,
P01,2020-01-30,after_close,pandemic,covid,shock,global,medium,WHO declares COVID-19 a PHEIC; India's first case,WHO emergency declaration (night IST); first Kerala case same day,https://en.wikipedia.org/wiki/COVID-19_pandemic_in_India,encyclopedia,high,
P02,2020-02-24,pre_open,pandemic,covid,shock,global,high,COVID spreads to Italy/Korea (global selloff),Weekend outbreak in Italy; global crash begins Monday,https://en.wikipedia.org/wiki/2020_stock_market_crash,encyclopedia,medium,
P03,2020-03-11,after_close,pandemic,covid,shock,global,medium,WHO declares pandemic,Declaration ~21:30 IST; US Europe travel ban next day,https://en.wikipedia.org/wiki/COVID-19_pandemic,encyclopedia,high,
P04,2020-03-24,20:00,pandemic,covid_lockdown,shock,india,high,India national lockdown (21 days),PM address 20:00 IST; lockdown from midnight,https://www.pib.gov.in/Pressreleaseshare.aspx?PRID=1608009,official,high,Market bottomed 23-24 Mar
P05,2020-11-09,after_close,pandemic,vaccine,relief,global,high,Pfizer vaccine 90% efficacy,Announced 17:15 IST; global value/cyclical rotation,https://en.wikipedia.org/wiki/Pfizer%E2%80%93BioNTech_COVID-19_vaccine,encyclopedia,high,US election called 7 Nov
P06,2021-04-05,pre_open,pandemic,covid_wave,shock,india,medium,India's second wave crosses 100k daily cases,Daily cases >100k reported Monday morning; Sensex -870,https://en.wikipedia.org/wiki/COVID-19_pandemic_in_India,encyclopedia,medium,Gradual onset (low-precision date)
P07,2021-11-26,pre_open,pandemic,covid_variant,shock,global,high,Omicron variant,South Africa flags B.1.1.529 (25 Nov evening); Sensex -2.9% on 26 Nov,https://en.wikipedia.org/wiki/SARS-CoV-2_Omicron_variant,encyclopedia,high,
X01,2018-02-14,11:00,financial_stress,banking_fraud,shock,india,high,PNB Nirav Modi fraud disclosed,"PNB discloses ~Rs 11,400 crore fraudulent LoUs to exchanges",https://en.wikipedia.org/wiki/Punjab_National_Bank_Scam,encyclopedia,high,
X02,2018-09-21,13:00,financial_stress,nbfc_liquidity,shock,india,high,IL&FS defaults / DHFL crash,IL&FS defaults (Sep) culminate in intraday crash of DHFL and NBFCs; entry is the close after the crash,https://en.wikipedia.org/wiki/IL%26FS_scam,encyclopedia,medium,Event is itself a market move (partial look-through)
X03,2020-03-05,after_close,financial_stress,bank_failure,shock,india,high,Yes Bank moratorium,RBI supersedes board and caps withdrawals (~20:30 IST),https://www.rbi.org.in/Scripts/BS_PressReleaseDisplay.aspx?prid=49476,official,high,COVID crash
X04,2023-01-24,after_close,financial_stress,corporate_governance,shock,india,high,Hindenburg report on Adani Group,Short report published US morning (evening IST),https://en.wikipedia.org/wiki/Hindenburg_Research,encyclopedia,high,Budget 1 Feb (F09)
X05,2023-03-10,after_close,financial_stress,bank_failure,shock,global,high,Silicon Valley Bank fails,FDIC takes over SVB (US Friday),https://en.wikipedia.org/wiki/Silicon_Valley_Bank_collapse,encyclopedia,high,
