source_url,status,title,events
https://en.wikipedia.org/wiki/2016_Indian_Line_of_Control_strike,200,2016 Indian Line of Control strike - Wikipedia,W01
https://en.wikipedia.org/wiki/2016_United_Kingdom_European_Union_membership_referendum,200,2016 United Kingdom European Union membership referendum - Wikipedia,G01
https://en.wikipedia.org/wiki/2016_United_States_presidential_election,200,2016 United States presidential election - Wikipedia,G02
https://en.wikipedia.org/wiki/2017_Uttar_Pradesh_Legislative_Assembly_election,200,2017 Uttar Pradesh Legislative Assembly election - Wikipedia,E01
https://en.wikipedia.org/wiki/2018_Madhya_Pradesh_Legislative_Assembly_election,200,2018 Madhya Pradesh Legislative Assembly election - Wikipedia,E02
https://en.wikipedia.org/wiki/2019_Balakot_airstrike,200,2019 Balakot airstrike - Wikipedia,W03
https://en.wikipedia.org/wiki/2019_Indian_general_election,200,2019 Indian general election - Wikipedia,E03;E04
https://en.wikipedia.org/wiki/2019_Pulwama_attack,200,2019 Pulwama attack - Wikipedia,W02
https://en.wikipedia.org/wiki/2020_Galwan_Valley_clash,200,2020–2021 China–India skirmishes - Wikipedia,W05
https://en.wikipedia.org/wiki/2020_Russia%E2%80%93Saudi_Arabia_oil_price_war,200,2020 Russia–Saudi Arabia oil price war - Wikipedia,C04;C05
https://en.wikipedia.org/wiki/2020_stock_market_crash,200,2020 stock market crash - Wikipedia,P02
https://en.wikipedia.org/wiki/2021_United_Nations_Climate_Change_Conference,200,2021 United Nations Climate Change Conference - Wikipedia,S10
https://en.wikipedia.org/wiki/2023_Rajasthan_Legislative_Assembly_election,200,2023 Rajasthan Legislative Assembly election - Wikipedia,E05
https://en.wikipedia.org/wiki/2024_Indian_general_election,200,2024 Indian general election - Wikipedia,E06;E07
https://en.wikipedia.org/wiki/2024_Maharashtra_Legislative_Assembly_election,200,2024 Maharashtra Legislative Assembly election - Wikipedia,E08
https://en.wikipedia.org/wiki/2024_United_States_presidential_election,200,2024 United States presidential election - Wikipedia,G18
https://en.wikipedia.org/wiki/2025_India%E2%80%93Pakistan_conflict,200,2025 India–Pakistan conflict - Wikipedia,W12
https://en.wikipedia.org/wiki/2025_Pahalgam_attack,200,2025 Pahalgam attack - Wikipedia,W10
https://en.wikipedia.org/wiki/2025_United_States_strikes_on_Iranian_nuclear_sites,200,2025 United States strikes on Iranian nuclear sites - Wikipedia,W14
https://en.wikipedia.org/wiki/2026_Iran_war,200,2026 Iran war - Wikipedia,W16
https://en.wikipedia.org/wiki/2026_Iran_war_ceasefire,200,2026 Iran war ceasefire - Wikipedia,W17
https://en.wikipedia.org/wiki/Abqaiq%E2%80%93Khurais_attack,200,Abqaiq–Khurais attack - Wikipedia,C03
https://en.wikipedia.org/wiki/April_2024_Iranian_strikes_against_Israel,200,April 2024 Iranian strikes on Israel - Wikipedia,W08
https://en.wikipedia.org/wiki/Assassination_of_Qasem_Soleimani,200,Assassination of Qasem Soleimani - Wikipedia,W15
https://en.wikipedia.org/wiki/COVID-19_pandemic,200,COVID-19 pandemic - Wikipedia,P03
https://en.wikipedia.org/wiki/COVID-19_pandemic_in_India,200,COVID-19 pandemic in India - Wikipedia,P01;P06
https://en.wikipedia.org/wiki/China%E2%80%93United_States_trade_war,200,China–United States trade war - Wikipedia,G04;G06
https://en.wikipedia.org/wiki/Hindenburg_Research,200,Hindenburg Research - Wikipedia,X04
https://en.wikipedia.org/wiki/IL%26FS_scam,200,IL&amp;FS scam - Wikipedia,X02
https://en.wikipedia.org/wiki/Liberation_Day_tariffs,200,Liberation Day tariffs - Wikipedia,G20;G21
https://en.wikipedia.org/wiki/National_Infrastructure_Pipeline,200,National Infrastructure Pipeline - Wikipedia,S21
https://en.wikipedia.org/wiki/OPEC,200,OPEC - Wikipedia,C01
https://en.wikipedia.org/wiki/October_2024_Iranian_strikes_against_Israel,200,October 2024 Iranian strikes on Israel - Wikipedia,W09
https://en.wikipedia.org/wiki/October_7_attacks,200,October 7 attacks - Wikipedia,W07
https://en.wikipedia.org/wiki/Operation_Sindoor,200,2025 India–Pakistan conflict - Wikipedia,W11
https://en.wikipedia.org/wiki/Pfizer%E2%80%93BioNTech_COVID-19_vaccine,200,Pfizer–BioNTech COVID-19 vaccine - Wikipedia,P05
https://en.wikipedia.org/wiki/Pradhan_Mantri_Surya_Ghar_Muft_Bijli_Yojana,200,Pradhan Mantri Surya Ghar Muft Bijli Yojana - Wikipedia,S14
https://en.wikipedia.org/wiki/Punjab_National_Bank_Scam,200,Punjab National Bank Scam - Wikipedia,X01
https://en.wikipedia.org/wiki/Revocation_of_the_special_status_of_Jammu_and_Kashmir,200,Revocation of the special status of Jammu and Kashmir - Wikipedia,W04
https://en.wikipedia.org/wiki/Russian_invasion_of_Ukraine,200,Russo-Ukrainian war (2022–present) - Wikipedia,W06
https://en.wikipedia.org/wiki/SARS-CoV-2_Omicron_variant,200,SARS-CoV-2 Omicron variant - Wikipedia,P07
https://en.wikipedia.org/wiki/Silicon_Valley_Bank_collapse,200,Collapse of Silicon Valley Bank - Wikipedia,X05
https://en.wikipedia.org/wiki/Tariffs_in_the_second_Trump_administration,200,Tariffs in the second Trump administration - Wikipedia,G22;G23;G24
https://en.wikipedia.org/wiki/Twelve-Day_War,200,Twelve-Day War - Wikipedia,W13
https://en.wikipedia.org/wiki/United_States_federal_government_credit-rating_downgrades,200,United States federal government credit-rating downgrades - Wikipedia,G14
https://en.wikipedia.org/wiki/United_States_withdrawal_from_the_Joint_Comprehensive_Plan_of_Action,200,United States withdrawal from the Iran nuclear deal - Wikipedia,C02
https://english.www.gov.cn/news/202409/25/content_WS66f3602ec6d0868f4e8eb3c0.html,200,China unveils fresh stimulus to boost high-quality economic development,G17
https://globaltradealert.org/intervention/121287,200,India: Export ban imposed on non-basmati white rice (July 2023) - Global Trade Alert,S16
https://pib.gov.in/PressReleaseIframePage.aspx?PRID=1814446,200,Press Release:Press Information Bureau,S11
https://pib.gov.in/PressReleasePage.aspx?PRID=1755086,200,Press Release Page | Press Information Bureau,S09
https://rbi.org.in/Scripts/BS_PressReleaseDisplay.aspx?prid=46235,200,Press Releases | Official Website of Reserve Bank of India,M05
https://rbi.org.in/Scripts/BS_PressreleaseDisplay.aspx?prid=60604,200,Press Releases | Official Website of Reserve Bank of India,M22
https://rbidocs.rbi.org.in/rdocs/PressRelease/PDFs/PR154MPC775AD9D2A37141F7A6E64AC29BB8D2C0.PDF,200,,M12
https://rbidocs.rbi.org.in/rdocs/PressRelease/PDFs/PR16331051154700094ACFB40DE08AE141531C.PDF,200,,M23
https://rbidocs.rbi.org.in/rdocs/PressRelease/PDFs/PR62DB3C24380A9D40B886CB92FC3E63474D.PDF,200,,M21
https://static.pib.gov.in/WriteReadData/specificdocs/documents/2025/sep/doc202594628401.pdf,200,application/pdf,F19
https://website.rbi.org.in/web/rbi/-/press-releases/governor-s-statement-february-7-2025,200,Home | Official website of Reserve Bank of India,M20
https://www.bls.gov/news.release/archives/cpi_11102022.htm,200,Consumer Price Index News Release - 2022 M10 Results,G13
https://www.bls.gov/news.release/archives/empsit_08022024.htm,200,Employment Situation News Release - 2024 M07 Results,G15
https://www.business-standard.com/amp/article/companies/sc-s-agr-verdict-will-have-devastating-impact-on-telecom-firms-say-experts-119102401998_1.html,200,"SC&#x27;s AGR verdict will have devastating impact on telecom firms, say experts | Company News - Business Standard",R02
https://www.business-standard.com/industry/agriculture/govt-bans-sugarcane-juice-syrup-for-ethanol-making-in-2023-24-supply-year-123120700830_1.html,200,"Govt bans sugarcane juice, syrup for ethanol making in 2023-24 supply year | Agriculture - Business Standard",S17
https://www.cnbc.com/2023/04/03/oil-prices-surge-after-opecs-surprise-cuts-analysts-warn-of-100-per-barrel.html,200,Oil prices notch biggest gain in nearly a year after OPEC&#x27;s surprise output cut,C06
https://www.federalreserve.gov/newsevents/pressreleases/monetary20161214a.htm,200,Federal Reserve Board - Federal Reserve issues FOMC statement,G03
https://www.federalreserve.gov/newsevents/pressreleases/monetary20181219a.htm,200,Federal Reserve Board - Federal Reserve issues FOMC statement,G05
https://www.federalreserve.gov/newsevents/pressreleases/monetary20190731a.htm,200,Federal Reserve Board - Federal Reserve issues FOMC statement,G07
https://www.federalreserve.gov/newsevents/pressreleases/monetary20200303a.htm,200,Federal Reserve Board - Federal Reserve issues FOMC statement,G08
https://www.federalreserve.gov/newsevents/pressreleases/monetary20200315a.htm,200,Federal Reserve Board - Federal Reserve issues FOMC statement,G09
https://www.federalreserve.gov/newsevents/pressreleases/monetary20220316a.htm,200,Federal Reserve Board - Federal Reserve issues FOMC statement,G10
https://www.federalreserve.gov/newsevents/pressreleases/monetary20220615a.htm,200,Federal Reserve Board - Federal Reserve issues FOMC statement,G11
https://www.federalreserve.gov/newsevents/pressreleases/monetary20240918a.htm,200,Federal Reserve Board - Federal Reserve issues FOMC statement,G16
https://www.federalreserve.gov/newsevents/pressreleases/monetary20241218a.htm,200,Federal Reserve Board - Federal Reserve issues FOMC statement,G19
https://www.federalreserve.gov/newsevents/speech/powell20220826a.htm,200,Speech by Chair Powell on monetary policy and price stability - Federal Reserve Board,G12
https://www.indiabudget.gov.in/,200,India Budget | Ministry of Finance | Government of India,F13
https://www.indiabudget.gov.in/previous_union_budget.php,200,Previous Union Budgets | Union Budget of India,F01;F02;F03;F04;F05;F06;F07;F08;F09;F10;F11;F12
https://www.pib.gov.in/PressReleaseIframePage.aspx?PRID=1585641,200,Press Release:Press Information Bureau,F16
https://www.pib.gov.in/PressReleasePage.aspx?PRID=1494279,200,Press Release Page | Press Information Bureau,F15
https://www.pib.gov.in/PressReleasePage.aspx?PRID=1589830,200,Press Release Page | Press Information Bureau,F17
https://www.pib.gov.in/PressReleasePage.aspx?PRID=1605147,200,Press Release Page | Press Information Bureau,S02
https://www.pib.gov.in/PressReleasePage.aspx?PRID=1623391,200,Press Release Page | Press Information Bureau,F18
https://www.pib.gov.in/PressReleasePage.aspx?PRID=1624536,200,Press Release Page | Press Information Bureau,S05
https://www.pib.gov.in/PressReleasePage.aspx?PRID=1644570,200,Press Release Page | Press Information Bureau,S06
https://www.pib.gov.in/PressReleasePage.aspx?PRID=1671912,200,Press Release Page | Press Information Bureau,S07
https://www.pib.gov.in/PressReleasePage.aspx?PRID=1723148,200,Press Release Page | Press Information Bureau,S08
https://www.pib.gov.in/PressReleasePage.aspx?PRID=1825411,200,Press Release Page | Press Information Bureau,S15
https://www.pib.gov.in/PressReleasePage.aspx?PRID=1838455,200,Press Release Page | Press Information Bureau,S20
https://www.pib.gov.in/PressReleasePage.aspx?PRID=1877232,200,Press Release Page | Press Information Bureau,S18;S19
https://www.pib.gov.in/PressReleasePage.aspx?PRID=1938812,200,Press Release Page | Press Information Bureau,R04
https://www.pib.gov.in/PressReleasePage.aspx?PRID=2010135,200,Press Release Page | Press Information Bureau,S13
https://www.pib.gov.in/PressReleasePage.aspx?PRID=2159579,200,Press Release Page | Press Information Bureau,R08
https://www.pib.gov.in/PressReleasePage.aspx?PRID=2163555,200,Press Release Page | Press Information Bureau,F20
https://www.pib.gov.in/PressReleseDetailm.aspx?PRID=1607483,200,Press Release: Press Information Bureau,S04
https://www.pib.gov.in/Pressreleaseshare.aspx?PRID=1566758,200,Cabinet approves Scheme for FAME India Phase II,S03
https://www.pib.gov.in/Pressreleaseshare.aspx?PRID=1608009,200,PM calls for complete lockdown of entire nation for 21 days,P04
https://www.pib.gov.in/Pressreleaseshare.aspx?PRID=1907705,200,GREEN HYDROGEN MISSION - Expected to reduce ₹ 1 lakh crore worth of fossil fuel imports and nearly 50 MMT per annum of CO2 emissions by 2030,S12
https://www.pib.gov.in/newsite/PrintRelease.aspx?relid=153406,200,With a view to curb financing of terrorism through the proceeds of Fake Indian Currency Notes (FICN) and use of such funds for subversive ac,F14
https://www.pib.gov.in/newsite/PrintRelease.aspx?relid=175368,200,Recapitalisation of Public Sector Banks,S01
https://www.rbi.org.in/Scripts/Annualpolicy.aspx,200,Monetary Policy | Official Website of Reserve Bank of India,M01;M02;M06;M07;M08;M09;M11;M13;M14;M15;M16;M17;M18;M19
https://www.rbi.org.in/Scripts/BS_PressReleaseDisplay.aspx?prid=44125,200,Press Releases | Official Website of Reserve Bank of India,M03
https://www.rbi.org.in/Scripts/BS_PressReleaseDisplay.aspx?prid=44636,200,Press Releases | Official Website of Reserve Bank of India,M04
https://www.rbi.org.in/Scripts/BS_PressReleaseDisplay.aspx?prid=49476,200,Press Releases | Official Website of Reserve Bank of India,X03
https://www.rbi.org.in/Scripts/BS_PressReleaseDisplay.aspx?prid=49581,200,Press Releases | Official Website of Reserve Bank of India,M10
https://www.rbi.org.in/Scripts/NotificationUser.aspx?Id=11218,200,Notifications | Official Website of Reserve Bank of India,R01
https://www.rbi.org.in/Scripts/NotificationUser.aspx?Id=12567&Mode=0,200,Notifications | Official Website of Reserve Bank of India,R05
https://www.sebi.gov.in/legal/circulars/oct-2024/measures-to-strengthen-equity-index-derivatives-framework-for-increased-investor-protection-and-market-stability_87208.html,200,SEBI | Measures to Strengthen Equity Index Derivatives Framework for Increased Investor Protection and Market Stability,R06
https://www.sebi.gov.in/legal/circulars/sep-2020/circular-on-asset-allocation-of-multi-cap-funds_47542.html,200,SEBI | Circular on Asset Allocation of Multi Cap Funds,R03
https://www.sebi.gov.in/sebi_data/attachdocs/jul-2025/1751584518593.pdf,200,application/pdf,R07
