event_id,event_date,ref_date,entry_date
W01,2016-09-29,2016-09-28,2016-09-29
W02,2019-02-14,2019-02-14,2019-02-15
W03,2019-02-26,2019-02-25,2019-02-26
W04,2019-08-05,2019-08-02,2019-08-05
W05,2020-06-16,2020-06-16,2020-06-17
W06,2022-02-24,2022-02-23,2022-02-24
W07,2023-10-07,2023-10-06,2023-10-09
W08,2024-04-13,2024-04-12,2024-04-15
W09,2024-10-01,2024-10-01,2024-10-03
W10,2025-04-22,2025-04-22,2025-04-23
W11,2025-05-07,2025-05-06,2025-05-07
W12,2025-05-10,2025-05-09,2025-05-12
W13,2025-06-13,2025-06-12,2025-06-13
W14,2025-06-22,2025-06-20,2025-06-23
W15,2020-01-03,2020-01-02,2020-01-03
W16,2026-02-28,2026-02-27,2026-03-02
W17,2026-04-08,2026-04-07,2026-04-09
M01,2016-10-04,2016-10-03,2016-10-04
M02,2017-08-02,2017-08-01,2017-08-02
M03,2018-06-06,2018-06-05,2018-06-06
M04,2018-08-01,2018-07-31,2018-08-01
M05,2019-02-07,2019-02-06,2019-02-07
M06,2019-04-04,2019-04-03,2019-04-04
M07,2019-06-06,2019-06-04,2019-06-06
M08,2019-08-07,2019-08-06,2019-08-07
M09,2019-10-04,2019-10-03,2019-10-04
M10,2020-03-27,2020-03-26,2020-03-27
M11,2020-05-22,2020-05-21,2020-05-22
M12,2022-05-04,2022-05-02,2022-05-04
M13,2022-06-08,2022-06-07,2022-06-08
M14,2022-08-05,2022-08-04,2022-08-05
M15,2022-09-30,2022-09-29,2022-09-30
M16,2022-12-07,2022-12-06,2022-12-07
M17,2023-02-08,2023-02-07,2023-02-08
M18,2023-04-06,2023-04-05,2023-04-06
M19,2024-12-06,2024-12-05,2024-12-06
M20,2025-02-07,2025-02-06,2025-02-07
M21,2025-04-09,2025-04-08,2025-04-09
M22,2025-06-06,2025-06-05,2025-06-06
M23,2025-12-05,2025-12-04,2025-12-05
F01,2016-02-29,2016-02-26,2016-02-29
F02,2017-02-01,2017-01-31,2017-02-01
F03,2018-02-01,2018-01-31,2018-02-01
F04,2019-02-01,2019-01-31,2019-02-01
F05,2019-07-05,2019-07-04,2019-07-05
F06,2020-02-01,2020-01-31,2020-02-01
F07,2021-02-01,2021-01-29,2021-02-01
F08,2022-02-01,2022-01-31,2022-02-01
F09,2023-02-01,2023-01-31,2023-02-01
F10,2024-02-01,2024-01-31,2024-02-01
F11,2024-07-23,2024-07-22,2024-07-23
F12,2025-02-01,2025-01-31,2025-02-01
F13,2026-02-01,2026-01-30,2026-02-01
F14,2016-11-08,2016-11-08,2016-11-09
F15,2017-06-30,2017-06-30,2017-07-03
F16,2019-09-20,2019-09-19,2019-09-20
F17,2019-08-23,2019-08-23,2019-08-26
F18,2020-05-12,2020-05-12,2020-05-13
F19,2025-08-15,2025-08-14,2025-08-18
F20,2025-09-03,2025-09-03,2025-09-04
E01,2017-03-11,2017-03-10,2017-03-14
E02,2018-12-11,2018-12-10,2018-12-11
E03,2019-05-19,2019-05-17,2019-05-20
E04,2019-05-23,2019-05-22,2019-05-23
E05,2023-12-03,2023-12-01,2023-12-04
E06,2024-06-01,2024-05-31,2024-06-03
E07,2024-06-04,2024-06-03,2024-06-04
E08,2024-11-23,2024-11-22,2024-11-25
S01,2017-10-24,2017-10-24,2017-10-25
S02,2019-08-30,2019-08-30,2019-09-03
S03,2019-02-28,2019-02-27,2019-03-01
S04,2020-03-21,2020-03-20,2020-03-23
S05,2020-05-16,2020-05-15,2020-05-18
S06,2020-08-09,2020-08-07,2020-08-10
S07,2020-11-11,2020-11-11,2020-11-12
S08,2021-05-31,2021-05-28,2021-06-01
S09,2021-09-15,2021-09-15,2021-09-16
S10,2021-11-01,2021-11-01,2021-11-02
S11,2022-04-07,2022-04-06,2022-04-08
S12,2023-01-04,2023-01-04,2023-01-05
S13,2024-02-29,2024-02-29,2024-03-01
S14,2024-02-13,2024-02-12,2024-02-14
S15,2022-05-13,2022-05-13,2022-05-16
S16,2023-07-20,2023-07-20,2023-07-21
S17,2023-12-07,2023-12-07,2023-12-08
S18,2022-05-21,2022-05-20,2022-05-23
S19,2022-11-18,2022-11-18,2022-11-21
S20,2022-07-01,2022-06-30,2022-07-01
S21,2019-12-31,2019-12-31,2020-01-01
R01,2018-02-12,2018-02-12,2018-02-14
R02,2019-10-24,2019-10-23,2019-10-24
R03,2020-09-11,2020-09-11,2020-09-14
R04,2023-07-11,2023-07-11,2023-07-12
R05,2023-11-16,2023-11-16,2023-11-17
R06,2024-10-01,2024-10-01,2024-10-03
R07,2025-07-03,2025-07-03,2025-07-04
R08,2025-08-19,2025-08-19,2025-08-20
C01,2016-11-30,2016-11-30,2016-12-01
C02,2018-05-08,2018-05-08,2018-05-09
C03,2019-09-14,2019-09-13,2019-09-16
C04,2020-03-08,2020-03-06,2020-03-09
C05,2020-04-20,2020-04-20,2020-04-21
C06,2023-04-02,2023-03-31,2023-04-03
G01,2016-06-24,2016-06-23,2016-06-24
G02,2016-11-09,2016-11-08,2016-11-09
G03,2016-12-14,2016-12-14,2016-12-15
G04,2018-03-22,2018-03-22,2018-03-23
G05,2018-12-19,2018-12-19,2018-12-20
G06,2019-05-05,2019-05-03,2019-05-06
G07,2019-07-31,2019-07-31,2019-08-01
G08,2020-03-03,2020-03-03,2020-03-04
G09,2020-03-15,2020-03-13,2020-03-16
G10,2022-03-16,2022-03-16,2022-03-17
G11,2022-06-15,2022-06-15,2022-06-16
G12,2022-08-26,2022-08-26,2022-08-29
G13,2022-11-10,2022-11-10,2022-11-11
G14,2023-08-01,2023-08-01,2023-08-02
G15,2024-08-02,2024-08-02,2024-08-05
G16,2024-09-18,2024-09-18,2024-09-19
G17,2024-09-24,2024-09-23,2024-09-24
G18,2024-11-06,2024-11-05,2024-11-06
G19,2024-12-18,2024-12-18,2024-12-19
G20,2025-04-02,2025-04-02,2025-04-03
G21,2025-04-09,2025-04-09,2025-04-11
G22,2025-07-30,2025-07-30,2025-07-31
G23,2025-08-06,2025-08-06,2025-08-07
G24,2025-09-25,2025-09-25,2025-09-26
P01,2020-01-30,2020-01-30,2020-01-31
P02,2020-02-24,2020-02-20,2020-02-24
P03,2020-03-11,2020-03-11,2020-03-12
P04,2020-03-24,2020-03-24,2020-03-25
P05,2020-11-09,2020-11-09,2020-11-10
P06,2021-04-05,2021-04-01,2021-04-05
P07,2021-11-26,2021-11-25,2021-11-26
X01,2018-02-14,2018-02-12,2018-02-14
X02,2018-09-21,2018-09-19,2018-09-21
X03,2020-03-05,2020-03-05,2020-03-06
X04,2023-01-24,2023-01-24,2023-01-25
X05,2023-03-10,2023-03-10,2023-03-13
