source,title,description,link,pub_date,event_type,subtype,stance,confidence,matched,mentioned_groups,candidate
PIB,Union Home Minister and Minister of Cooperation Shri Amit Shah to address Gopalak Sammelan in Bhopal and inaugurate State-Level Exhibition on Nyaya Sanhita,,https://pib.gov.in/PressReleaseIframePage.aspx?PRID=2318516,,unclassified,,,0.0,,,False
PIB,"DRI cracks down on illegal wildlife trafficking; elephant ivory, leopard skin, live pangolins and tiger parts seized; 11 persons arrested",,https://pib.gov.in/PressReleaseIframePage.aspx?PRID=2318504,,unclassified,,,0.0,,,False
PIB,DRI busts two-way gold-diamond smuggling syndicate at Mumbai airport,,https://pib.gov.in/PressReleaseIframePage.aspx?PRID=2318501,,unclassified,,,0.0,,,False
PIB,Mumbai's Jawahar Dweep Becomes India's First Plastic-free Oil Terminal,,https://pib.gov.in/PressReleaseIframePage.aspx?PRID=2318498,,unclassified,,,0.0,,,False
PIB,Sarbananda Sonowal Hails SCI as Anchor of India's Maritime & Shipbuilding Ambitions,,https://pib.gov.in/PressReleaseIframePage.aspx?PRID=2318497,,unclassified,,,0.0,,,False
PIB,"Shri Sudhansh Pant, Secretary, Ministry of Social Justice & Empowerment Leads Nasha Mukt Bharat Abhiyaan Awareness Programme at Solan, Himachal Pradesh",,https://pib.gov.in/PressReleaseIframePage.aspx?PRID=2318483,,unclassified,,,0.0,,,False
PIB,Sikkim Delegation Explores Rajasthan’s Rich Heritage under Yuva Sangam Phase VII,,https://pib.gov.in/PressReleaseIframePage.aspx?PRID=2318473,,unclassified,,,0.0,,,False
PIB,"Prime Minister attends prayer meeting at Gandhi Smriti, recalls timeless message of Bapu",,https://pib.gov.in/PressReleaseIframePage.aspx?PRID=2318459,,unclassified,,,0.0,,,False
PIB,Madhya Pradesh–Karnataka Delegation of Yuva Sangam Phase VII Embarks on a Journey of Cultural Discovery and Youth Exchange,,https://pib.gov.in/PressReleaseIframePage.aspx?PRID=2318451,,unclassified,,,0.0,,Capital-market intermediaries,False
PIB,2.42 Lakh Special Gram Sabhas Across India Put Citizen-Centric Initiatives at the Heart of Grassroots Discussions on Gandhi Jayanti,,https://pib.gov.in/PressReleaseIframePage.aspx?PRID=2318441,,unclassified,,,0.0,,,False
PIB,Department of Telecommunications Launches Implementation Phase of Special Campaign 6,,https://pib.gov.in/PressReleaseIframePage.aspx?PRID=2318419,,unclassified,,,0.0,,Telecom operators,False
PIB,Department of Telecommunications concludes Swachhata Hi Seva 2026 Campaign,,https://pib.gov.in/PressReleaseIframePage.aspx?PRID=2318413,,unclassified,,,0.0,,Telecom operators,False
PIB,"""Context Matters, Care Matters, Compassion Matters"": CEO BHASHINI at MNS Centenary Scientific Conclave",,https://pib.gov.in/PressReleaseIframePage.aspx?PRID=2318389,,unclassified,,,0.0,,,False
PIB,"Union Home Minister Shri Amit Shah says, Russian President Shri Vladimir Putin’s appreciation of PM Shri Narendra Modi Ji’s tireless efforts towards global peace brings immense pride to every Indian",,https://pib.gov.in/PressReleaseIframePage.aspx?PRID=2318371,,unclassified,,,0.0,,,False
PIB,Prime Minister’s Employment Generation Programme: Empowering Entrepreneurs and Driving Inclusive Growth Across India,,https://pib.gov.in/PressReleaseIframePage.aspx?PRID=2318369,,unclassified,,,0.0,,,False
PIB,"On the occasion of Mahatma Gandhi's birth anniversary, Khadi and Village Industries Commission Chairman Shri Manoj Goyal launched nationwide discount on Khadi and Village Industries products.",,https://pib.gov.in/PressReleaseIframePage.aspx?PRID=2318366,,unclassified,,,0.0,,,False
PIB,"Union Minister Dr. Virendra Kumar And Shri B. L. Verma Distribute 662 Aids, Assistive Devices Costing Over ₹10 Lakh Distributed To 114 Senior Citizens In Delhi-NCR Under Rashtriya Vayoshri Yojana",,https://pib.gov.in/PressReleaseIframePage.aspx?PRID=2318364,,unclassified,,,0.0,,,False
PIB,Vice-President C. P. Radhakrishnan attends 11th Sant Eshwar Samman-2026 in New Delhi,,https://pib.gov.in/PressReleaseIframePage.aspx?PRID=2318358,,unclassified,,,0.0,,,False
PIB,CAQM Reviews Enforcement Status Across NCR; 197 Inspections Conducted in 17 Days,,https://pib.gov.in/PressReleaseIframePage.aspx?PRID=2318353,,unclassified,,,0.0,,Cement,False
PIB,"Ministry of Labour & Employment takes “Shram Samvad” outreach to industrial clusters in Delhi, Haryana and Uttarakhand",,https://pib.gov.in/PressReleaseIframePage.aspx?PRID=2318348,,unclassified,,,0.0,,,False
RBI press releases,RBI appoints Shri Sudhakar Malli as new Executive Director,"The Reserve Bank of India (RBI) has appointed Shri Sudhakar Malli as Executive Director (ED) with effect from October 1, 2026. Prior to his promotion as ED, Shri Sudhakar was serving as Chief General Manager-in-Charge of the Department of Supervision in the Reserve Bank. Shri Sudhakar is a career central banker with around three decades of experience. He has extensive experience in the supervision of banks, non-banking financial companies and co-operative banks, spanning over two and a half decades. He also has around five years of supervisory experience in overseas jurisdictions. He has also ",https://www.rbi.org.in/scripts/BS_PressReleaseDisplay.aspx?prid=63719,"Fri, 02 Oct 2026 17:05:00",unclassified,,,0.0,,,False
RBI press releases,Reserve Bank of India – Bulletin Weekly Statistical Supplement – Extract,"1. Reserve Bank of India - Liabilities and Assets* (₹ Crore) Item 2025 2026 Variation Sep. 26 Sep. 18 Sep. 25 Week Year 1 2 3 4 5 4 Loans and Advances 4.1 Central Government 0 0 0 0 0 4.2 State Governments 32622 19427 8590 -10836 -24031 * Data are provisional; difference, if any, is due to rounding off. 2. Foreign Exchange Reserves* Item As on September 25, 2026 Variation over Week End-March 2026 Year ₹ Cr. US$ Mn. ₹ Cr. US$ Mn. ₹ Cr. US$ Mn. ₹ Cr. US$ Mn. 1 2 3 4 5 6 7 8 1 Total Reserves 7164287 747557 -178698 -18343 610425 56450 952405 47322 1.1 Foreign Currency Assets # 5897822 615411 -1516",https://www.rbi.org.in/scripts/BS_PressReleaseDisplay.aspx?prid=63718,"Fri, 02 Oct 2026 17:00:00",unclassified,,,0.0,,Capital-market intermediaries,False
RBI press releases,"Processing of Applications Received Under the Citizen’s Charter Status as on September 30, 2026","A summary of the performance under the Citizen’s Charter of the Reserve Bank of India (RBI) during the month of September 2026 is given below – Description No. of Applications A Applications pending at the beginning of the month 3,011 B Applications received during the month 17,200 C Referred back to applicants for additional information 701 Total (A+B-C) 19,510 D Applications processed during the month – Within timeline – Beyond timeline 16,844 16,822 (99.9%) 22 (0.1%) E Applications pending at the end of the month – Within timeline – Beyond timeline 2,666 2,646 (99.2%) 20* (0.8%) * Awaiting ",https://www.rbi.org.in/scripts/BS_PressReleaseDisplay.aspx?prid=63717,"Fri, 02 Oct 2026 10:50:00",unclassified,,,0.0,,,False
RBI press releases,Auction of State Government Securities,"The following State Governments have offered to sell stock by way of auction, for an aggregate amount of ₹25,100 Crore (Face Value). Sr. No. State/UT Amount to be raised (₹ Crore) Tenor (Year) Type of Auction 1. Andhra Pradesh 1000 Re-issue of 7.46% Andhra Pradesh SGS 2035, issued on August 12, 2026 Price 1000 Re-issue of 7.79% Andhra Pradesh SGS 2042, issued on April 22, 2026 Price 2. Delhi 500 Re-issue of 7.31% Delhi SGS 2033, issued on July 22, 2026 Price 500 Re-issue of 7.75% Delhi SGS 2041, issued on June 24, 2026 Price 3. Goa 200 08 Yield 4. Himachal Pradesh 600 Re-issue of 7.78% Himacha",https://www.rbi.org.in/scripts/BS_PressReleaseDisplay.aspx?prid=63716,"Thu, 01 Oct 2026 19:20:00",unclassified,,,0.0,,,False
RBI press releases,Indicative Calendar of Market borrowings by State Governments/ Union Territories for the Quarter October – December 2026,"With an objective to enhancing transparency and providing greater clarity to the investors, Reserve Bank introduced the Benchmark Issuance Strategy (BIS) on a pilot basis commencing Q1: FY 2026-27 involving nine States, viz., Andhra Pradesh, Bihar, Chhattisgarh, Keralam, Madhya Pradesh, Maharashtra, Rajasthan, Telangana, and Uttar Pradesh. Subsequently, nine other States and one Union Territory (UT), namely Himachal Pradesh, Jharkhand, Manipur, Meghalaya, Odisha, Punjab, Sikkim, Uttarakhand, West Bengal and Delhi were included under BIS framework from Q2: FY 2026-27 . Based on experience gaine",https://www.rbi.org.in/scripts/BS_PressReleaseDisplay.aspx?prid=63715,"Thu, 01 Oct 2026 19:15:00",unclassified,,,0.0,,,False
RBI press releases,"RBI to conduct Overnight Variable Rate Reverse Repo (VRRR) auction under LAF on October 05, 2026","On a review of current and evolving liquidity conditions, it has been decided to conduct a Variable Rate Reverse Repo (VRRR) auction on Monday, October 05, 2026, as under: Sl. No. Notified Amount (₹ crore) Tenor (day) Window Timing Date of Reversal 1 2,00,000 1 09:30 AM to 10:00 AM October 06, 2026 (Tuesday) 2. The operational guidelines for the auction as given in the Reserve Bank’s Press Release 2019-2020/1947 dated February 13, 2020 will remain the same. Ajit Prasad Deputy General Manager (Communications) Press Release: 2026-2027/1236",https://www.rbi.org.in/scripts/BS_PressReleaseDisplay.aspx?prid=63714,"Thu, 01 Oct 2026 19:10:00",unclassified,,,0.0,,Renewables,False
RBI press releases,Rate of Interest on Government of India Floating Rate Bond 2028,"The rate of interest on Government of India Floating Rate Bond 2028 (FRB 2028) applicable for the half year October 04, 2026 to April 03, 2027 shall be 6.45 per cent per annum. It may be recalled that FRB 2028 carries a coupon, which has a base rate equivalent to the average of the Weighted Average Yield (WAY) of last three auctions (from the rate fixing day i.e., October 04, 2026) of 182 Day T-Bills, plus a fixed spread (0.64 per cent) Ajit Prasad Deputy General Manager (Communications) Press Release: 2026-2027/1235",https://www.rbi.org.in/scripts/BS_PressReleaseDisplay.aspx?prid=63713,"Thu, 01 Oct 2026 17:30:00",unclassified,,,0.0,,,False
RBI press releases,"Auction of 91-Day, 182-Day and 364-Day Treasury Bills","Reserve Bank of India announces the auction of Government of India Treasury Bills as per the following details: Sr. No. Treasury Bill Notified Amount (₹ crore) Auction Date Settlement Date 1 91-Day 8,000 October 07, 2026 (Wednesday) October 08, 2026 (Thursday) 2 182-Day 8,000 3 364-Day 7,000 Total 23,000 The sale will be subject to the terms and conditions specified in the General Notification F.No.4(2)-B(W&M)/2018 dated March 26, 2025 , issued by Government of India, as amended from time to time. State Governments, Union Territories with legislature, eligible Provident Funds in India, designa",https://www.rbi.org.in/scripts/BS_PressReleaseDisplay.aspx?prid=63712,"Thu, 01 Oct 2026 17:25:00",unclassified,,,0.0,,,False
RBI press releases,"RBI issues Amendment Directions on ‘Simplified approval process for subsequent acquisitions of major shareholding in a banking company by mutual funds, insurance companies and pension funds’","The Reserve Bank, vide Press Release dated July 14, 2026 , had issued the draft ""Reserve Bank of India (Acquisition and Holding of Shares or Voting Rights) Amendment Directions, 2026” , seeking comments / feedback from the regulated entities and members of public / other stakeholders on or before August 4, 2026. The draft Amendment Directions proposed to simplify approval process for subsequent acquisitions of major shareholding in a banking company by mutual funds, insurance companies and pension funds. 2. Feedback received on the above draft Amendment Directions has been examined and the con",https://www.rbi.org.in/scripts/BS_PressReleaseDisplay.aspx?prid=63711,"Thu, 01 Oct 2026 17:20:00",unclassified,,,0.0,,,False
RBI press releases,"Directions under Section 35A read with Section 56 of the Banking Regulation Act, 1949 (As Applicable to Co-operative Societies) – The Industrial Co-operative Bank Ltd., Guwahati – Extension of period","The Reserve Bank of India issued Directions under Section 35A read with Section 56 of the Banking Regulation Act, 1949 to The Industrial Co-operative Bank Ltd., Guwahati vide Directive No.GWH.DOS.ADM.No.S103/01-10-101/2025-2026 dated July 03, 2025 for a period of six months up to close of business on January 04, 2026, which was last extended up to close of business on October 04, 2026, vide Directive No.DOR.MON./D-18/12-29-104/2026-2027 dated June 25, 2026. The Reserve Bank of India is satisfied that in the public interest, it is necessary to further extend the period of operation of the Direc",https://www.rbi.org.in/scripts/BS_PressReleaseDisplay.aspx?prid=63710,"Thu, 01 Oct 2026 17:00:00",unclassified,,,0.0,,,False
RBI notifications,Master Direction on Note Sorting Machines,"RBI/DCM/2026-27/473 DCM(NPD) No.S2154/18.00.014/2026-27 October 02, 2026 The Chairman / Managing Director / Chief Executive Officer All Banks Madam / Dear Sir, Master Direction on Note Sorting Machines In exercise of the powers conferred under Section 35A and Section 56 of the Banking Regulation Act, 1949, Reserve Bank of India (RBI), from time-to-time issues guidelines / circulars / directives to the banks on Note Sorting Machines. 2. A Master Direction incorporating and updating the extant guidelines / circulars / directives on the subject has been prepared to enable banks to have all curren",https://www.rbi.org.in/scripts/NotificationUser.aspx?Id=13723&Mode=0,"Fri, 02 Oct 2026 11:15:00",unclassified,,,0.0,,,False
RBI notifications,Non-Resident Deposits - Comprehensive Single Return (NRD-CSR)(R012): Submission under CIMS Sankalan Portal,"RBI/2026-27/280 A.P. (DIR Series) Circular No. 24 October 01, 2026 To All Authorised Dealers Madam / Sir, Non-Resident Deposits - Comprehensive Single Return (NRD-CSR)(R012): Submission under CIMS Sankalan Portal Attention of banks maintaining Non-Resident Deposits (NRD) Accounts is invited to A.P. (DIR Series) Circular No. 19 dated August 07, 2013 on monthly NRD-CSR return submission through XBRL platform to the Reserve Bank. 2. The NRD-CSR reporting has since moved to Centralised Information Management System (CIMS) Sankalan portal with the submission of March 2024 data in the month of April",https://www.rbi.org.in/scripts/NotificationUser.aspx?Id=13725&Mode=0,"Thu, 01 Oct 2026 21:00:00",unclassified,,,0.0,,,False
RBI notifications,Online submission of Form A2: Removal of limits on amount of remittance,"RBI/2026-27/279 A.P. (DIR Series) Circular No. 23 October 01, 2026 To All Authorised Dealers in Foreign Exchange Madam / Sir Online submission of Form A2: Removal of limits on amount of remittance Attention of Authorised Dealers (ADs) Category I banks and AD – Category II entities is invited to paragraph 3 of A.P. (DIR Series) Circular No. 12 dated July 03, 2024 , on the captioned subject, in terms of which they were advised to frame appropriate internal guidelines with the approval of their Board, for the purpose of facilitating outward forex remittances on the basis of online / physical subm",https://www.rbi.org.in/scripts/NotificationUser.aspx?Id=13724&Mode=0,"Thu, 01 Oct 2026 20:00:00",unclassified,,,0.0,,Capital-market intermediaries,False
RBI notifications,"Reserve Bank of India (Local Area Banks - Acquisition and Holding of Shares or Voting Rights) Amendment Directions, 2026","RBI/2026-27/278 DOR.HOL.REC.No.238/16.13.100/2026-27 October 1, 2026 Reserve Bank of India (Local Area Banks - Acquisition and Holding of Shares or Voting Rights) Amendment Directions, 2026 The Reserve Bank had issued the Reserve Bank of India (Local Area Banks – Acquisition and Holding of Shares or Voting Rights) Directions, 2025 (hereinafter referred as the ‘Master Direction’), on November 28, 2025, which mandates that any person seeking to make an initial acquisition of major shareholding in a banking company shall obtain prior approval of the Reserve Bank. Further, where such person’s aggr",https://www.rbi.org.in/scripts/NotificationUser.aspx?Id=13722&Mode=0,"Thu, 01 Oct 2026 17:20:00",unclassified,,,0.0,,,False
RBI notifications,"Reserve Bank of India (Payments Banks - Acquisition and Holding of Shares or Voting Rights) Amendment Directions, 2026","RBI/2026-27/277 DOR.HOL.REC.No.237/16.13.100/2026-27 October 1, 2026 Reserve Bank of India (Payments Banks - Acquisition and Holding of Shares or Voting Rights) Amendment Directions, 2026 The Reserve Bank had issued the Reserve Bank of India (Payments Banks – Acquisition and Holding of Shares or Voting Rights) Directions, 2025 (hereinafter referred as the ‘Master Direction’), on November 28, 2025, which mandates that any person seeking to make an initial acquisition of major shareholding in a banking company shall obtain prior approval of the Reserve Bank. Further, where such person’s aggregat",https://www.rbi.org.in/scripts/NotificationUser.aspx?Id=13721&Mode=0,"Thu, 01 Oct 2026 17:20:00",unclassified,,,0.0,,,False
RBI notifications,"Reserve Bank of India (Small Finance Banks - Acquisition and Holding of Shares or Voting Rights) Amendment Directions, 2026","RBI/2026-27/276 DOR.HOL.REC.No.236/16.13.100/2026-27 October 1, 2026 Reserve Bank of India (Small Finance Banks - Acquisition and Holding of Shares or Voting Rights) Amendment Directions, 2026 The Reserve Bank had issued the Reserve Bank of India (Small Finance Banks – Acquisition and Holding of Shares or Voting Rights) Directions, 2025 (hereinafter referred as the ‘Master Direction’), on November 28, 2025, which mandates that any person seeking to make an initial acquisition of major shareholding in a banking company shall obtain prior approval of the Reserve Bank. Further, where such person’",https://www.rbi.org.in/scripts/NotificationUser.aspx?Id=13720&Mode=0,"Thu, 01 Oct 2026 17:20:00",unclassified,,,0.0,,,False
RBI notifications,"Reserve Bank of India (Commercial Banks - Acquisition and Holding of Shares or Voting Rights) Amendment Directions, 2026","RBI/2026-27/275 DOR.HOL.REC.No.235/16.13.100/2026-27 October 1, 2026 Reserve Bank of India (Commercial Banks - Acquisition and Holding of Shares or Voting Rights) Amendment Directions, 2026 The Reserve Bank had issued the Reserve Bank of India (Commercial Banks – Acquisition and Holding of Shares or Voting Rights) Directions, 2025 (hereinafter referred as the ‘Master Direction’), on November 28, 2025, which mandates that any person seeking to make an initial acquisition of major shareholding in a banking company shall obtain prior approval of the Reserve Bank. Further, where such person’s aggr",https://www.rbi.org.in/scripts/NotificationUser.aspx?Id=13719&Mode=0,"Thu, 01 Oct 2026 17:20:00",unclassified,,,0.0,,,False
RBI notifications,Consolidation/ Review of instructions issued on currency management matters – Withdrawal of Circulars/ Guidelines,"RBI/2026-27/274 DCM (IFCD).No.S2096/06.08.002/2026-27 October 1, 2026 The Chairman / Managing Director / Chief Executive Officer All Banks Madam / Dear Sir, Consolidation/ Review of instructions issued on currency management matters – Withdrawal of Circulars/ Guidelines In pursuance of the Reserve Bank’s ongoing initiative to rationalise the regulatory framework, a review of instructions issued on currency management related matters has been undertaken. The exercise involved consolidation of extant circulars/ guidelines into function-wise Master Directions (MDs) and subject-specific instructio",https://www.rbi.org.in/scripts/NotificationUser.aspx?Id=13718&Mode=0,"Thu, 01 Oct 2026 10:50:00",unclassified,,,0.0,,,False
RBI notifications,Cassette - Swaps in ATMs,"RBI/2026-27/273 DCM (RMMT) No.S 2107/20-02-002/2026-27 October 01, 2026 The Chairman / Managing Director/ Chief Executive Officer All Banks Madam / Dear Sir, Cassette - Swaps in ATMs Please refer to the circular RBI/2021-22/190 DCM (Plg.) No.S 1117/10.25.007/2021-22 dated March 31, 2022 on the captioned subject. 2. In partial modification to para 3 of the aforesaid circular, it is advised that monitoring the progress of implementation of cassette swap may be delegated by the Board to a Committee of Executives 1 of the bank. Yours faithfully, (Sanjeev Prakash) Chief General Manager-in-Charge 1 ",https://www.rbi.org.in/scripts/NotificationUser.aspx?Id=13717&Mode=0,"Thu, 01 Oct 2026 09:25:00",unclassified,,,0.0,,,False
RBI notifications,Master Circular - Credit Facilities to Scheduled Castes (SCs) & Scheduled Tribes (STs),"RBI/2026-27/272 FIDD.CO.GSSD.BC.No.11/09.09.001/2026-27 October 01, 2026 The Chairman/ Managing Director / Chief Executive Officer All Scheduled Commercial Banks (including Small Finance Banks) Madam/ Dear Sir, Master Circular - Credit facilities to Scheduled Castes (SCs) & Scheduled Tribes (STs) The Reserve Bank of India has, from time to time, issued a number of guidelines/instructions to banks on credit facilities to Scheduled Castes (SCs) & Scheduled Tribes (STs). The enclosed Master Circular consolidates the circulars issued by Reserve Bank on the subject till date, as listed in the Appen",https://www.rbi.org.in/scripts/NotificationUser.aspx?Id=13716&Mode=0,"Thu, 01 Oct 2026 09:15:00",unclassified,,,0.0,,,False
SEBI,SEBI Order for Compliance - General Remittance Order dated 01.10.2026 in Recovery Certificate No. 8932 of 2025 issued against M/s. Jay Energy and S. Energies Limited in the matter of Jay Energy and S. Energies Limited,SEBI Order for Compliance - General Remittance Order dated 01.10.2026 in Recovery Certificate No. 8932 of 2025 issued against M/s. Jay Energy and S. Energies Limited in the matter of Jay Energy and S. Energies Limited,https://www.sebi.gov.in/enforcement/recovery-proceedings/oct-2026/sebi-order-for-compliance-general-remittance-order-dated-01-10-2026-in-recovery-certificate-no-8932-of-2025-issued-against-m-s-jay-energy-and-s-energies-limited-in-the-matter-of-jay-energy-and-s-_104983.html,"01 Oct, 2026 +0530",unclassified,,,0.0,,,False
SEBI,"Remittance Order dated October 01, 2026 issued under RC No. 9267 of 2026 drawn against S S TRADERS (Prop. Mr. Marvadi Parsotambhai) in the matter of Trading activity in the scrip of ANI Integrated Services Limited","Remittance Order dated October 01, 2026 issued under RC No. 9267 of 2026 drawn against S S TRADERS (Prop. Mr. Marvadi Parsotambhai) in the matter of Trading activity in the scrip of ANI Integrated Services Limited",https://www.sebi.gov.in/enforcement/recovery-proceedings/oct-2026/remittance-order-dated-october-01-2026-issued-under-rc-no-9267-of-2026-drawn-against-s-s-traders-prop-mr-marvadi-parsotambhai-in-the-matter-of-trading-activity-in-the-scrip-of-ani-integrated-ser-_104891.html,"01 Oct, 2026 +0530",unclassified,,,0.0,,,False
SEBI,"Remittance Order dated October 01, 2026 issued under RC No. 9261 of 2026 drawn against Sachinkumar Bhagwandas Sahu in the matter of Sadhna Broadcast Limited","Remittance Order dated October 01, 2026 issued under RC No. 9261 of 2026 drawn against Sachinkumar Bhagwandas Sahu in the matter of Sadhna Broadcast Limited",https://www.sebi.gov.in/enforcement/recovery-proceedings/oct-2026/remittance-order-dated-october-01-2026-issued-under-rc-no-9261-of-2026-drawn-against-sachinkumar-bhagwandas-sahu-in-the-matter-of-sadhna-broadcast-limited_104889.html,"01 Oct, 2026 +0530",unclassified,,,0.0,,Infra & rail EPC,False
SEBI,Release Order for RC No. 4722 of 2022-Veera Kumar Das Surapanani in the matter of Venus Power Ventures (India) Ltd,Release Order for RC No. 4722 of 2022-Veera Kumar Das Surapanani in the matter of Venus Power Ventures (India) Ltd,https://www.sebi.gov.in/enforcement/recovery-proceedings/oct-2026/release-order-for-rc-no-4722-of-2022-veera-kumar-das-surapanani-in-the-matter-of-venus-power-ventures-india-ltd_104887.html,"01 Oct, 2026 +0530",unclassified,,,0.0,,Power PSUs & lenders,False
SEBI,"Release Order dated September 30,2026 for RC No. 4723 of 2022-Veera Kumar Das Surapanani in the matter of Venus Power Ventures (India) Ltd","Release Order dated September 30,2026 for RC No. 4723 of 2022-Veera Kumar Das Surapanani in the matter of Venus Power Ventures (India) Ltd",https://www.sebi.gov.in/enforcement/recovery-proceedings/oct-2026/release-order-dated-september-30-2026-for-rc-no-4723-of-2022-veera-kumar-das-surapanani-in-the-matter-of-venus-power-ventures-india-ltd_104885.html,"01 Oct, 2026 +0530",unclassified,,,0.0,,Power PSUs & lenders,False
SEBI,Adjudication Order in the matter of SMC Global Securities Ltd,Adjudication Order in the matter of SMC Global Securities Ltd,https://www.sebi.gov.in/enforcement/orders/oct-2026/adjudication-order-in-the-matter-of-smc-global-securities-ltd_104883.html,"01 Oct, 2026 +0530",unclassified,,,0.0,,,False
SEBI,Appeal No. 7073 of 2026 filed by Ramesh B,Appeal No. 7073 of 2026 filed by Ramesh B,https://www.sebi.gov.in/enforcement/orders/oct-2026/appeal-no-7073-of-2026-filed-by-ramesh-b_104878.html,"01 Oct, 2026 +0530",unclassified,,,0.0,,,False
SEBI,SEBI revamps its “Document Number Verification System”,SEBI revamps its “Document Number Verification System”,https://www.sebi.gov.in/media-and-notifications/press-releases/oct-2026/sebi-revamps-its-document-number-verification-system-_104873.html,"01 Oct, 2026 +0530",unclassified,,,0.0,,,False
SEBI,"Display of “investor awareness message(s)” by stock brokers on their trading apps and websites, under Project Jagrook","Display of “investor awareness message(s)” by stock brokers on their trading apps and websites, under Project Jagrook",https://www.sebi.gov.in/legal/circulars/oct-2026/display-of-investor-awareness-message-s-by-stock-brokers-on-their-trading-apps-and-websites-under-project-jagrook_104858.html,"01 Oct, 2026 +0530",unclassified,,,0.0,,Capital-market intermediaries,False
SEBI,Appeal No. 7072 of 2026 filed by Ardra K M,Appeal No. 7072 of 2026 filed by Ardra K M,https://www.sebi.gov.in/enforcement/orders/oct-2026/appeal-no-7072-of-2026-filed-by-ardra-k-m_104761.html,"01 Oct, 2026 +0530",unclassified,,,0.0,,,False
SEBI,Appeal No. 7075 of 2026 filed by Vipan Kumar,Appeal No. 7075 of 2026 filed by Vipan Kumar,https://www.sebi.gov.in/enforcement/orders/oct-2026/appeal-no-7075-of-2026-filed-by-vipan-kumar_104757.html,"01 Oct, 2026 +0530",unclassified,,,0.0,,,False
SEBI,Appeal No. 7071 of 2026 filed by Dhanashree Deshpande,Appeal No. 7071 of 2026 filed by Dhanashree Deshpande,https://www.sebi.gov.in/enforcement/orders/oct-2026/appeal-no-7071-of-2026-filed-by-dhanashree-deshpande_104714.html,"01 Oct, 2026 +0530",unclassified,,,0.0,,,False
SEBI,Appeal No. 7069 of 2026 filed by Sundaresan Viswanathan,Appeal No. 7069 of 2026 filed by Sundaresan Viswanathan,https://www.sebi.gov.in/enforcement/orders/oct-2026/appeal-no-7069-of-2026-filed-by-sundaresan-viswanathan_104033.html,"01 Oct, 2026 +0530",unclassified,,,0.0,,,False
SEBI,Appeal No. 7070 of 2026 filed by Swati Saini,Appeal No. 7070 of 2026 filed by Swati Saini,https://www.sebi.gov.in/enforcement/orders/oct-2026/appeal-no-7070-of-2026-filed-by-swati-saini_103995.html,"01 Oct, 2026 +0530",unclassified,,,0.0,,,False
SEBI,Appeal No. 7074 of 2026 filed by Chandrashekar Palimar Shenoy,Appeal No. 7074 of 2026 filed by Chandrashekar Palimar Shenoy,https://www.sebi.gov.in/enforcement/orders/oct-2026/appeal-no-7074-of-2026-filed-by-chandrashekar-palimar-shenoy_101902.html,"01 Oct, 2026 +0530",unclassified,,,0.0,,,False
SEBI,"Completion of Recovery Certificate No. 4723 of 2022 dated September 30,2026-Veera Kumar Das Surapanani in the matter of Venus Power Ventures (India) Ltd.","Completion of Recovery Certificate No. 4723 of 2022 dated September 30,2026-Veera Kumar Das Surapanani in the matter of Venus Power Ventures (India) Ltd.",https://www.sebi.gov.in/enforcement/recovery-proceedings/sep-2026/completion-of-recovery-certificate-no-4723-of-2022-dated-september-30-2026-veera-kumar-das-surapanani-in-the-matter-of-venus-power-ventures-india-ltd-_104881.html,"30 Sep, 2026 +0530",unclassified,,,0.0,,Power PSUs & lenders,False
SEBI,Completion of Recovery Certificate No. 4722 of 2022-Veera Kumar Das Surapanani in the matter of Venus Power Ventures (India) Ltd,Completion of Recovery Certificate No. 4722 of 2022-Veera Kumar Das Surapanani in the matter of Venus Power Ventures (India) Ltd,https://www.sebi.gov.in/enforcement/recovery-proceedings/sep-2026/completion-of-recovery-certificate-no-4722-of-2022-veera-kumar-das-surapanani-in-the-matter-of-venus-power-ventures-india-ltd_104879.html,"30 Sep, 2026 +0530",unclassified,,,0.0,,Power PSUs & lenders,False
SEBI,Final Order in the matter of Eqwires Research Analyst,Final Order in the matter of Eqwires Research Analyst,https://www.sebi.gov.in/enforcement/orders/sep-2026/final-order-in-the-matter-of-eqwires-research-analyst_104841.html,"30 Sep, 2026 +0530",unclassified,,,0.0,,,False
SEBI,Order in the matter of DAR Mentorcap Film Fund,Order in the matter of DAR Mentorcap Film Fund,https://www.sebi.gov.in/enforcement/orders/sep-2026/order-in-the-matter-of-dar-mentorcap-film-fund_104840.html,"30 Sep, 2026 +0530",unclassified,,,0.0,,,False
SEBI,Order in the matter of Arcus Opportunities Fund,Order in the matter of Arcus Opportunities Fund,https://www.sebi.gov.in/enforcement/orders/sep-2026/order-in-the-matter-of-arcus-opportunities-fund_104839.html,"30 Sep, 2026 +0530",unclassified,,,0.0,,,False
SEBI,Order in the matter of SEAF India Agribusiness Fund II,Order in the matter of SEAF India Agribusiness Fund II,https://www.sebi.gov.in/enforcement/orders/sep-2026/order-in-the-matter-of-seaf-india-agribusiness-fund-ii_104837.html,"30 Sep, 2026 +0530",unclassified,,,0.0,,,False
SEBI,"Release Order dated September 30, 2026 issued under RC No. 7441 of 2023 drawn against Keynote Enterprises Pvt Ltd in the matter of TV Vision Ltd.","Release Order dated September 30, 2026 issued under RC No. 7441 of 2023 drawn against Keynote Enterprises Pvt Ltd in the matter of TV Vision Ltd.",https://www.sebi.gov.in/enforcement/recovery-proceedings/sep-2026/release-order-dated-september-30-2026-issued-under-rc-no-7441-of-2023-drawn-against-keynote-enterprises-pvt-ltd-in-the-matter-of-tv-vision-ltd-_104833.html,"30 Sep, 2026 +0530",unclassified,,,0.0,,,False
SEBI,Cancellation of Recovery Certificate No. 7441 of 2023 dated 30.09.2026 issued against Keynote Enterprises Pvt Ltd in the matter of TV Vision Ltd.,Cancellation of Recovery Certificate No. 7441 of 2023 dated 30.09.2026 issued against Keynote Enterprises Pvt Ltd in the matter of TV Vision Ltd.,https://www.sebi.gov.in/enforcement/recovery-proceedings/sep-2026/cancellation-of-recovery-certificate-no-7441-of-2023-dated-30-09-2026-issued-against-keynote-enterprises-pvt-ltd-in-the-matter-of-tv-vision-ltd-_104831.html,"30 Sep, 2026 +0530",unclassified,,,0.0,,,False
SEBI,Adjudication Order in the matter of BAO Ltd. Group,Adjudication Order in the matter of BAO Ltd. Group,https://www.sebi.gov.in/enforcement/orders/sep-2026/adjudication-order-in-the-matter-of-bao-ltd-group_104819.html,"30 Sep, 2026 +0530",unclassified,,,0.0,,,False
SEBI,Settlement Order in the matter of Lloyd Enterprises Limited,Settlement Order in the matter of Lloyd Enterprises Limited,https://www.sebi.gov.in/enforcement/orders/sep-2026/settlement-order-in-the-matter-of-lloyd-enterprises-limited_104811.html,"29 Sep, 2026 +0530",unclassified,,,0.0,,,False
SEBI,Adjudication Order in the matter of Shares Bazaar Pvt. Ltd. - Research Analyst,Adjudication Order in the matter of Shares Bazaar Pvt. Ltd. - Research Analyst,https://www.sebi.gov.in/enforcement/orders/sep-2026/adjudication-order-in-the-matter-of-shares-bazaar-pvt-ltd-research-analyst_104810.html,"29 Sep, 2026 +0530",unclassified,,,0.0,,,False
SEBI,"SEBI Order for Compliance - Release Order for Recovery Certificate No. 9252 of 2026 against Chiranggi Irish Shah (PAN: CACPS1824G) in the matter of Front Running by Navnit Gadoya, Chiranggi Irish Shah and Surbhi Aggarwal.","SEBI Order for Compliance - Release Order for Recovery Certificate No. 9252 of 2026 against Chiranggi Irish Shah (PAN: CACPS1824G) in the matter of Front Running by Navnit Gadoya, Chiranggi Irish Shah and Surbhi Aggarwal.",https://www.sebi.gov.in/enforcement/recovery-proceedings/sep-2026/sebi-order-for-compliance-release-order-for-recovery-certificate-no-9252-of-2026-against-chiranggi-irish-shah-pan-cacps1824g-in-the-matter-of-front-running-by-navnit-gadoya-chiranggi-irish-shah-_104808.html,"29 Sep, 2026 +0530",unclassified,,,0.0,,,False
SEBI,"Remittance Order dated September 29, 2026 issued under RC No. 9222 of 2026 drawn against Ankit Ajitbhai Panchal in the matter of Trading activities of certain entities in the scrip of DU Digital Technologies Limited (now DU Digital Global Limited)","Remittance Order dated September 29, 2026 issued under RC No. 9222 of 2026 drawn against Ankit Ajitbhai Panchal in the matter of Trading activities of certain entities in the scrip of DU Digital Technologies Limited (now DU Digital Global Limited)",https://www.sebi.gov.in/enforcement/recovery-proceedings/sep-2026/remittance-order-dated-september-29-2026-issued-under-rc-no-9222-of-2026-drawn-against-ankit-ajitbhai-panchal-in-the-matter-of-trading-activities-of-certain-entities-in-the-scrip-of-du-digital-techn-_104807.html,"29 Sep, 2026 +0530",unclassified,,,0.0,,,False
SEBI,Corrigendum to the final order in the matter of Adani Group Companies for alleged MPS violation,Corrigendum to the final order in the matter of Adani Group Companies for alleged MPS violation,https://www.sebi.gov.in/enforcement/orders/sep-2026/corrigendum-to-the-final-order-in-the-matter-of-adani-group-companies-for-alleged-mps-violation_104795.html,"29 Sep, 2026 +0530",unclassified,,,0.0,,,False
SEBI,General Remittance dated 29.09.2026 against Dheeraj Wadhawan (PAN: AAOPW4517G) [Defaulter] in the matter of trading activity in the scrip of Dewan Housing Finance Corporation Limited. under Recovery Certificate No. 9214 of 2026,General Remittance dated 29.09.2026 against Dheeraj Wadhawan (PAN: AAOPW4517G) [Defaulter] in the matter of trading activity in the scrip of Dewan Housing Finance Corporation Limited. under Recovery Certificate No. 9214 of 2026,https://www.sebi.gov.in/enforcement/recovery-proceedings/sep-2026/general-remittance-dated-29-09-2026-against-dheeraj-wadhawan-pan-aaopw4517g-defaulter-in-the-matter-of-trading-activity-in-the-scrip-of-dewan-housing-finance-corporation-limited-under-recovery-c-_104793.html,"29 Sep, 2026 +0530",unclassified,,,0.0,,Real estate developers; Retail NBFCs & HFCs,False
